timestamp,phase,altitude_m,vn_m_s,ve_m_s,vd_m_s,climb_rate_m_s,climb_rate_avg_m_s,dist_to_target_m,hit_flag,abort_reason
2026-02-11T17:20:29.181399,TAKEOFF,0.0,0.0,-0.05,0.0,0.0,0.0,0.0,0,
2026-02-11T17:20:29.281801,TAKEOFF,0.0,0.0,-0.05,0.0,0.0,0.0,0.0,0,
2026-02-11T17:20:29.382714,TAKEOFF,0.001,0.0,-0.05,0.0,0.0,0.0,0.0,0,
2026-02-11T17:20:29.483753,TAKEOFF,0.002,0.0,-0.05,0.0,0.0,0.0,0.0,0,
2026-02-11T17:20:29.584782,TAKEOFF,0.003,0.0,-0.05,0.0,0.0,0.0,0.0,0,
2026-02-11T17:20:29.685448,TAKEOFF,0.003,0.0,-0.05,0.0,0.0,0.0,0.0,0,
2026-02-11T17:20:29.786296,TAKEOFF,0.004,0.0,-0.05,0.0,0.0,0.0,0.0,0,
2026-02-11T17:20:29.886778,TAKEOFF,0.004,0.0,-0.04,0.0,0.0,0.0,0.0,0,
2026-02-11T17:20:29.987217,TAKEOFF,0.004,0.0,-0.04,0.0,0.0,0.0,0.0,0,
2026-02-11T17:20:30.088295,TAKEOFF,0.003,0.0,-0.04,0.0,0.0,0.0,0.0,0,
2026-02-11T17:20:30.189359,TAKEOFF,0.002,0.0,-0.04,0.0,0.0,0.0,0.0,0,
2026-02-11T17:20:30.289994,TAKEOFF,0.002,0.0,-0.04,0.0,0.0,0.0,0.0,0,
2026-02-11T17:20:30.390979,TAKEOFF,0.0,0.0,-0.04,0.0,0.0,0.0,0.0,0,
2026-02-11T17:20:30.491794,TAKEOFF,0.0,0.0,-0.03,0.0,0.0,0.0,0.0,0,
2026-02-11T17:20:30.592577,TAKEOFF,0.0,0.0,-0.03,0.0,0.0,0.0,0.0,0,
2026-02-11T17:20:30.693703,TAKEOFF,0.0,-0.01,-0.03,0.0,0.0,0.0,0.0,0,
2026-02-11T17:20:30.794463,TAKEOFF,0.002,-0.01,-0.03,0.0,0.0,0.0,0.0,0,
2026-02-11T17:20:30.895081,TAKEOFF,0.002,-0.01,-0.02,0.0,0.0,0.0,0.0,0,
2026-02-11T17:20:30.995786,TAKEOFF,0.004,-0.01,-0.02,-0.02,0.0,0.0,0.0,0,
2026-02-11T17:20:31.098008,TAKEOFF,0.015,-0.01,-0.02,-0.22,0.0,0.0,0.0,0,
2026-02-11T17:20:31.198304,TAKEOFF,0.057,0.0,-0.01,-0.58,0.0,0.0,0.0,0,
2026-02-11T17:20:31.298762,TAKEOFF,0.131,0.0,-0.01,-0.96,0.0,0.0,0.0,0,
2026-02-11T17:20:31.399749,TAKEOFF,0.276,0.01,0.0,-1.45,0.0,0.0,0.0,0,
2026-02-11T17:20:31.500597,TAKEOFF,0.439,0.02,0.0,-1.86,0.0,0.0,0.0,0,
2026-02-11T17:20:31.601359,TAKEOFF,0.629,0.03,0.0,-2.24,0.0,0.0,0.0,0,
2026-02-11T17:20:31.701654,TAKEOFF,0.879,0.04,0.0,-2.66,0.0,0.0,0.0,0,
2026-02-11T17:20:31.802407,TAKEOFF,1.149,0.04,0.0,-3.04,0.0,0.0,0.0,0,
2026-02-11T17:20:31.903370,TAKEOFF,1.47,0.03,0.0,-3.44,0.0,0.0,0.0,0,
2026-02-11T17:20:32.003945,TAKEOFF,1.806,0.02,0.0,-3.81,0.0,0.0,0.0,0,
2026-02-11T17:20:32.104296,TAKEOFF,2.214,0.01,0.0,-4.2,0.0,0.0,0.0,0,
2026-02-11T17:20:32.204739,TAKEOFF,2.631,0.0,-0.01,-4.58,0.0,0.0,0.0,0,
2026-02-11T17:20:32.305837,TAKEOFF,3.108,-0.01,-0.01,-4.96,0.0,0.0,0.0,0,
2026-02-11T17:20:32.406152,TAKEOFF,3.588,-0.02,-0.01,-5.3,0.0,0.0,0.0,0,
2026-02-11T17:20:32.506641,TAKEOFF,4.15,-0.04,-0.02,-5.65,0.0,0.0,0.0,0,
2026-02-11T17:20:32.607777,TAKEOFF,4.702,-0.05,-0.02,-5.94,0.0,0.0,0.0,0,
2026-02-11T17:20:32.708174,TAKEOFF,5.316,-0.06,-0.02,-6.21,0.0,0.0,0.0,0,
2026-02-11T17:20:32.808927,TAKEOFF,5.91,-0.07,-0.02,-6.42,0.0,0.0,0.0,0,
2026-02-11T17:20:32.910155,TAKEOFF,6.581,-0.08,-0.02,-6.62,0.0,0.0,0.0,0,
2026-02-11T17:20:33.010949,TAKEOFF,7.22,-0.09,-0.02,-6.77,0.0,0.0,0.0,0,
2026-02-11T17:20:33.111428,TAKEOFF,7.915,-0.1,-0.02,-6.89,0.0,0.0,0.0,0,
2026-02-11T17:20:33.212356,TAKEOFF,8.571,-0.11,-0.02,-6.98,0.0,0.0,0.0,0,
2026-02-11T17:20:33.945478,ASCENT,13.594,-0.09,-0.02,-6.31,6.31,6.31,0.0,0,
2026-02-11T17:20:33.996827,ASCENT,13.844,-0.09,-0.02,-6.22,6.22,6.265,0.0,0,
2026-02-11T17:20:34.048467,ASCENT,14.189,-0.08,-0.02,-6.09,6.09,6.207,0.0,0,
2026-02-11T17:20:34.099722,ASCENT,14.49,-0.08,-0.02,-6.51,6.51,6.282,0.0,0,
2026-02-11T17:20:34.151165,ASCENT,14.872,-0.07,-0.02,-7.07,7.07,6.44,0.0,0,
2026-02-11T17:20:34.202753,ASCENT,15.283,-0.05,-0.02,-7.55,7.55,6.625,0.0,0,
2026-02-11T17:20:34.255182,ASCENT,15.654,-0.05,-0.01,-7.9,7.9,6.807,0.0,0,
2026-02-11T17:20:34.306588,ASCENT,16.105,-0.04,-0.01,-8.24,8.24,6.986,0.0,0,
2026-02-11T17:20:34.358554,ASCENT,16.439,-0.04,-0.01,-8.45,8.45,7.149,0.0,0,
2026-02-11T17:20:34.410336,ASCENT,16.92,-0.04,0.0,-8.7,8.7,7.304,0.0,0,
2026-02-11T17:20:34.462260,ASCENT,17.485,-0.05,0.0,-8.93,8.93,7.452,0.0,0,
2026-02-11T17:20:34.514292,ASCENT,17.845,-0.05,0.0,-9.05,9.05,7.585,0.0,0,
2026-02-11T17:20:34.566227,ASCENT,18.358,-0.06,-0.01,-9.18,9.18,7.708,0.0,0,
2026-02-11T17:20:34.617529,ASCENT,18.728,-0.07,-0.01,-9.27,9.27,7.819,0.0,0,
2026-02-11T17:20:34.669363,ASCENT,19.316,-0.08,-0.01,-9.37,9.37,7.923,0.0,0,
2026-02-11T17:20:34.721516,ASCENT,19.836,-0.09,-0.01,-9.43,9.43,8.017,0.0,0,
2026-02-11T17:20:34.774195,ASCENT,20.211,-0.1,-0.01,-9.49,9.49,8.104,0.0,0,
2026-02-11T17:20:34.826317,ASCENT,20.816,-0.11,-0.01,-9.55,9.55,8.184,0.0,0,
2026-02-11T17:20:34.879192,ASCENT,21.196,-0.12,-0.01,-9.58,9.58,8.257,0.0,0,
2026-02-11T17:20:34.931332,ASCENT,21.731,-0.13,-0.01,-9.61,9.61,8.325,0.0,0,
2026-02-11T17:20:34.983442,ASCENT,22.347,-0.14,-0.01,-9.65,9.65,8.388,0.0,0,
2026-02-11T17:20:35.035405,ASCENT,22.73,-0.15,-0.01,-9.66,9.66,8.446,0.0,0,
2026-02-11T17:20:35.087636,ASCENT,23.265,-0.15,-0.02,-9.68,9.68,8.5,0.0,0,
2026-02-11T17:20:35.140134,ASCENT,23.725,-0.15,-0.02,-9.68,9.68,8.549,0.0,0,
2026-02-11T17:20:35.192534,ASCENT,24.264,-0.16,-0.02,-9.69,9.69,8.594,0.0,0,
2026-02-11T17:20:35.244507,ASCENT,24.804,-0.16,-0.02,-9.7,9.7,8.637,0.0,0,
2026-02-11T17:20:35.296801,ASCENT,25.191,-0.16,-0.02,-9.7,9.7,8.676,0.0,0,
2026-02-11T17:20:35.348817,ASCENT,25.812,-0.16,-0.01,-9.71,9.71,8.713,0.0,0,
2026-02-11T17:20:35.400833,ASCENT,26.201,-0.16,-0.01,-9.71,9.71,8.748,0.0,0,
2026-02-11T17:20:35.452710,ASCENT,26.741,-0.16,-0.01,-9.71,9.71,8.78,0.0,0,
2026-02-11T17:20:35.504887,ASCENT,27.358,-0.15,-0.01,-9.72,9.72,8.893,0.0,0,
2026-02-11T17:20:35.556602,ASCENT,27.744,-0.15,-0.01,-9.72,9.72,9.01,0.0,0,
2026-02-11T17:20:35.607955,ASCENT,28.286,-0.14,-0.01,-9.72,9.72,9.131,0.0,0,
2026-02-11T17:20:35.659662,ASCENT,28.674,-0.14,-0.01,-9.72,9.72,9.238,0.0,0,
2026-02-11T17:20:35.711146,ASCENT,29.296,-0.13,-0.01,-9.72,9.72,9.326,0.0,0,
2026-02-11T17:20:35.762967,ASCENT,29.84,-0.12,-0.01,-9.72,9.72,9.399,0.0,0,
2026-02-11T17:20:35.814280,ASCENT,30.23,-0.12,-0.01,-9.72,9.72,9.459,0.0,0,
2026-02-11T17:20:35.816483,LOCK,30.23,-0.12,-0.01,-9.72,0.0,0.0,0.0,0,
2026-02-11T17:20:35.868466,LOCK,30.849,-0.11,-0.01,-9.69,0.0,0.0,0.0,0,
2026-02-11T17:20:35.921567,LOCK,31.225,-0.1,-0.01,-9.12,0.0,0.0,0.0,0,
2026-02-11T17:20:35.973574,LOCK,31.707,-0.08,-0.01,-8.17,0.0,0.0,0.0,0,
2026-02-11T17:20:36.025885,LOCK,32.198,-0.07,0.0,-7.19,0.0,0.0,0.0,0,
2026-02-11T17:20:36.077446,LOCK,32.474,-0.06,0.0,-6.63,0.0,0.0,0.0,0,
2026-02-11T17:20:36.129242,LOCK,32.826,-0.06,0.0,-5.91,0.0,0.0,0.0,0,
2026-02-11T17:20:36.181345,LOCK,33.055,-0.05,0.0,-5.44,0.0,0.0,0.0,0,
2026-02-11T17:20:36.233792,LOCK,33.388,-0.06,0.0,-4.72,0.0,0.0,0.0,0,
2026-02-11T17:20:36.286148,LOCK,33.658,-0.05,0.0,-4.13,0.0,0.0,0.0,0,
2026-02-11T17:20:36.338206,LOCK,33.86,-0.05,0.0,-3.63,0.0,0.0,0.0,0,
2026-02-11T17:20:36.389788,LOCK,34.064,-0.05,0.0,-3.06,0.0,0.0,0.0,0,
2026-02-11T17:20:36.442107,LOCK,34.189,-0.05,0.0,-2.67,0.0,0.0,0.0,0,
2026-02-11T17:20:36.493924,LOCK,34.336,-0.05,0.0,-2.12,0.0,0.0,0.0,0,
2026-02-11T17:20:36.545001,LOCK,34.465,-0.05,0.0,-1.5,0.0,0.0,0.0,0,
2026-02-11T17:20:36.596803,LOCK,34.525,-0.04,0.0,-1.14,0.0,0.0,0.0,0,
2026-02-11T17:20:36.648413,LOCK,34.597,-0.04,0.0,-0.73,0.0,0.0,0.0,0,
2026-02-11T17:20:36.700401,LOCK,34.639,-0.02,0.0,-0.52,0.0,0.0,0.0,0,
2026-02-11T17:20:36.751818,LOCK,34.69,0.0,0.01,-0.31,0.0,0.0,0.0,0,
2026-02-11T17:20:36.803902,LOCK,34.723,0.05,0.01,-0.23,0.0,0.0,0.0,0,
2026-02-11T17:20:36.855689,LOCK,34.747,0.1,0.02,-0.2,0.0,0.0,0.0,0,
2026-02-11T17:20:36.908082,LOCK,34.771,0.15,0.02,-0.19,0.0,0.0,0.0,0,
2026-02-11T17:20:36.960267,LOCK,34.787,0.19,0.03,-0.18,0.0,0.0,0.0,0,
2026-02-11T17:20:37.012374,LOCK,34.807,0.25,0.03,-0.18,0.0,0.0,0.0,0,
2026-02-11T17:20:37.064559,LOCK,34.837,0.29,0.04,-0.17,0.0,0.0,0.0,0,
2026-02-11T17:20:37.116428,LOCK,34.855,0.32,0.04,-0.17,0.0,0.0,0.0,0,
2026-02-11T17:20:37.168473,LOCK,34.877,0.34,0.05,-0.17,0.0,0.0,0.0,0,
2026-02-11T17:20:37.220860,LOCK,34.891,0.36,0.05,-0.16,0.0,0.0,0.0,0,
2026-02-11T17:20:37.273700,LOCK,34.913,0.38,0.05,-0.16,0.0,0.0,0.0,0,
2026-02-11T17:20:37.325771,LOCK,34.929,0.39,0.05,-0.15,0.0,0.0,0.0,0,
2026-02-11T17:20:37.377695,LOCK,34.941,0.39,0.05,-0.15,0.0,0.0,0.0,0,
2026-02-11T17:20:37.429570,LOCK,34.959,0.39,0.05,-0.15,0.0,0.0,0.0,0,
2026-02-11T17:20:37.481865,LOCK,34.974,0.39,0.05,-0.14,0.0,0.0,0.0,0,
2026-02-11T17:20:37.533899,LOCK,34.992,0.39,0.04,-0.14,0.0,0.0,0.0,0,
2026-02-11T17:20:37.585921,LOCK,35.01,0.38,0.04,-0.13,0.0,0.0,0.0,0,
2026-02-11T17:20:37.637440,LOCK,35.02,0.37,0.04,-0.13,0.0,0.0,0.0,0,
2026-02-11T17:20:37.689468,LOCK,35.034,0.36,0.04,-0.13,0.0,0.0,0.0,0,
2026-02-11T17:20:37.740958,LOCK,35.044,0.35,0.03,-0.13,0.0,0.0,0.0,0,
2026-02-11T17:20:37.793639,LOCK,35.056,0.33,0.03,-0.12,0.0,0.0,0.0,0,
2026-02-11T17:20:37.845035,LOCK,35.07,0.32,0.03,-0.12,0.0,0.0,0.0,0,
2026-02-11T17:20:37.897226,LOCK,35.084,0.31,0.02,-0.12,0.0,0.0,0.0,0,
2026-02-11T17:20:37.949283,LOCK,35.098,0.3,0.02,-0.11,0.0,0.0,0.0,0,
2026-02-11T17:20:38.001700,LOCK,35.108,0.29,0.02,-0.11,0.0,0.0,0.0,0,
2026-02-11T17:20:38.053550,LOCK,35.119,0.27,0.02,-0.1,0.0,0.0,0.0,0,
2026-02-11T17:20:38.105281,LOCK,35.131,0.26,0.02,-0.1,0.0,0.0,0.0,0,
2026-02-11T17:20:38.157109,LOCK,35.138,0.25,0.02,-0.1,0.0,0.0,0.0,0,
2026-02-11T17:20:38.209224,LOCK,35.147,0.24,0.02,-0.1,0.0,0.0,0.0,0,
2026-02-11T17:20:38.261354,LOCK,35.157,0.23,0.02,-0.1,0.0,0.0,0.0,0,
2026-02-11T17:20:38.313792,LOCK,35.172,0.21,0.01,-0.09,0.0,0.0,0.0,0,
2026-02-11T17:20:38.365575,LOCK,35.184,0.2,0.02,-0.09,0.0,0.0,0.0,0,
2026-02-11T17:20:38.417990,LOCK,35.191,0.19,0.01,-0.09,0.0,0.0,0.0,0,
2026-02-11T17:20:38.469553,LOCK,35.202,0.18,0.01,-0.08,0.0,0.0,0.0,0,
2026-02-11T17:20:38.521049,LOCK,35.208,0.17,0.01,-0.08,0.0,0.0,0.0,0,
2026-02-11T17:20:38.572921,LOCK,35.216,0.15,0.0,-0.08,0.0,0.0,0.0,0,
2026-02-11T17:20:38.624412,LOCK,35.22,0.15,0.01,-0.07,0.0,0.0,0.0,0,
2026-02-11T17:20:38.676294,LOCK,35.233,0.13,0.0,-0.07,0.0,0.0,0.0,0,
2026-02-11T17:20:38.728532,LOCK,35.243,0.12,0.01,-0.07,0.0,0.0,0.0,0,
2026-02-11T17:20:38.780115,LOCK,35.25,0.11,0.01,-0.07,0.0,0.0,0.0,0,
2026-02-11T17:20:38.831603,LOCK,35.26,0.1,0.0,-0.07,0.0,0.0,0.0,0,
2026-02-11T17:20:38.883224,LOCK,35.265,0.1,0.0,-0.07,0.0,0.0,0.0,0,
2026-02-11T17:20:38.935339,LOCK,35.272,0.09,0.0,-0.06,0.0,0.0,0.0,0,
2026-02-11T17:20:38.987401,LOCK,35.278,0.08,0.0,-0.06,0.0,0.0,0.0,0,
2026-02-11T17:20:39.038954,LOCK,35.284,0.08,0.0,-0.06,0.0,0.0,0.0,0,
2026-02-11T17:20:39.091175,LOCK,35.294,0.08,0.0,-0.06,0.0,0.0,0.0,0,
2026-02-11T17:20:39.143741,LOCK,35.3,0.07,0.0,-0.06,0.0,0.0,0.0,0,
2026-02-11T17:20:39.196419,LOCK,35.309,0.06,0.0,-0.06,0.0,0.0,0.0,0,
2026-02-11T17:20:39.248864,LOCK,35.316,0.05,0.0,-0.05,0.0,0.0,0.0,0,
2026-02-11T17:20:39.300204,LOCK,35.321,0.05,0.0,-0.05,0.0,0.0,0.0,0,
2026-02-11T17:20:39.352109,LOCK,35.327,0.04,0.0,-0.05,0.0,0.0,0.0,0,
2026-02-11T17:20:39.405331,LOCK,35.331,0.04,0.0,-0.05,0.0,0.0,0.0,0,
2026-02-11T17:20:39.458133,LOCK,35.338,0.04,0.0,-0.05,0.0,0.0,0.0,0,
2026-02-11T17:20:39.510106,LOCK,35.347,0.03,0.0,-0.05,0.0,0.0,0.0,0,
2026-02-11T17:20:39.561727,LOCK,35.352,0.02,0.0,-0.05,0.0,0.0,0.0,0,
2026-02-11T17:20:39.613807,LOCK,35.358,0.02,-0.01,-0.05,0.0,0.0,0.0,0,
2026-02-11T17:20:39.665877,LOCK,35.364,0.01,-0.01,-0.04,0.0,0.0,0.0,0,
2026-02-11T17:20:39.717596,LOCK,35.367,0.01,-0.01,-0.04,0.0,0.0,0.0,0,
2026-02-11T17:20:39.769695,LOCK,35.371,0.01,-0.01,-0.04,0.0,0.0,0.0,0,
2026-02-11T17:20:39.821903,LOCK,35.374,0.01,-0.01,-0.04,0.0,0.0,0.0,0,
2026-02-11T17:20:39.874119,LOCK,35.381,0.0,-0.01,-0.04,0.0,0.0,0.0,0,
2026-02-11T17:20:39.925812,LOCK,35.387,0.0,0.0,-0.03,0.0,0.0,0.0,0,
2026-02-11T17:20:39.977249,LOCK,35.391,0.0,0.0,-0.03,0.0,0.0,0.0,0,
2026-02-11T17:20:40.029358,LOCK,35.396,0.0,-0.01,-0.03,0.0,0.0,0.0,0,
2026-02-11T17:20:40.081713,LOCK,35.399,0.0,0.0,-0.03,0.0,0.0,0.0,0,
2026-02-11T17:20:40.133408,LOCK,35.402,0.0,0.0,-0.03,0.0,0.0,0.0,0,
2026-02-11T17:20:40.185539,LOCK,35.406,0.0,0.0,-0.03,0.0,0.0,0.0,0,
2026-02-11T17:20:40.237274,LOCK,35.409,0.0,0.0,-0.03,0.0,0.0,0.0,0,
2026-02-11T17:20:40.289586,LOCK,35.415,0.0,0.0,-0.03,0.0,0.0,0.0,0,
2026-02-11T17:20:40.341622,LOCK,35.419,0.0,0.0,-0.03,0.0,0.0,0.0,0,
2026-02-11T17:20:40.393985,LOCK,35.424,-0.01,0.0,-0.03,0.0,0.0,0.0,0,
2026-02-11T17:20:40.446421,LOCK,35.428,-0.01,0.0,-0.03,0.0,0.0,0.0,0,
2026-02-11T17:20:40.498242,LOCK,35.431,-0.01,0.0,-0.03,0.0,0.0,0.0,0,
2026-02-11T17:20:40.549558,LOCK,35.435,-0.01,0.0,-0.03,0.0,0.0,0.0,0,
2026-02-11T17:20:40.601491,LOCK,35.437,-0.01,0.0,-0.03,0.0,0.0,0.0,0,
2026-02-11T17:20:40.653234,LOCK,35.441,-0.01,0.0,-0.03,0.0,0.0,0.0,0,
2026-02-11T17:20:40.705882,LOCK,35.446,-0.01,0.0,-0.03,0.0,0.0,0.0,0,
2026-02-11T17:20:40.757856,LOCK,35.45,-0.01,0.0,-0.02,0.0,0.0,0.0,0,
2026-02-11T17:20:40.809827,LOCK,35.454,-0.01,0.0,-0.02,0.0,0.0,0.0,0,
2026-02-11T17:20:40.861593,LOCK,35.457,-0.01,0.0,-0.02,0.0,0.0,0.0,0,
2026-02-11T17:20:40.863463,ATTACK,35.457,-0.01,0.0,-0.02,0.0,0.0,60.828,0,
2026-02-11T17:20:40.915638,ATTACK,35.46,0.0,0.0,-0.04,0.0,0.0,60.828,0,
2026-02-11T17:20:40.967353,ATTACK,35.491,0.19,0.01,-1.13,0.0,0.0,60.818,0,
2026-02-11T17:20:41.019394,ATTACK,35.555,0.36,0.02,-2.03,0.0,0.0,60.802,0,
2026-02-11T17:20:41.071099,ATTACK,35.732,0.62,0.02,-3.35,0.0,0.0,60.747,0,
2026-02-11T17:20:41.122949,ATTACK,35.884,0.79,0.02,-4.1,0.0,0.0,60.709,0,
2026-02-11T17:20:41.174912,ATTACK,36.143,1.0,0.01,-5.05,0.0,0.0,60.599,0,
2026-02-11T17:20:41.226230,ATTACK,36.359,1.15,0.01,-5.65,0.0,0.0,60.54,0,
2026-02-11T17:20:41.278748,ATTACK,36.75,1.36,0.0,-6.49,0.0,0.0,60.406,0,
2026-02-11T17:20:41.330775,ATTACK,37.133,1.54,0.0,-7.11,0.0,0.0,60.332,0,
2026-02-11T17:20:41.382575,ATTACK,37.426,1.93,0.01,-7.49,0.0,0.0,60.147,0,
2026-02-11T17:20:41.434943,ATTACK,37.915,2.95,0.1,-7.99,0.0,0.0,59.937,0,
2026-02-11T17:20:41.487234,ATTACK,38.345,3.57,0.16,-8.12,0.0,0.0,59.819,0,
2026-02-11T17:20:41.538947,ATTACK,38.653,4.41,0.24,-7.97,0.0,0.0,59.495,0,
2026-02-11T17:20:41.590918,ATTACK,39.131,5.34,0.34,-7.58,0.0,0.0,59.327,0,
2026-02-11T17:20:41.643619,ATTACK,39.419,5.92,0.4,-7.32,0.0,0.0,58.949,0,
2026-02-11T17:20:41.695451,ATTACK,39.806,6.77,0.49,-6.91,0.0,0.0,58.513,0,
2026-02-11T17:20:41.747334,ATTACK,40.216,7.94,0.65,-6.21,0.0,0.0,58.209,0,
2026-02-11T17:20:41.799647,ATTACK,40.447,8.68,0.77,-5.57,0.0,0.0,57.663,0,
2026-02-11T17:20:41.852101,ATTACK,40.723,9.46,1.01,-4.41,0.0,0.0,57.393,0,
2026-02-11T17:20:41.903457,ATTACK,40.884,9.79,1.16,-3.8,0.0,0.0,56.867,0,
2026-02-11T17:20:41.955152,ATTACK,41.114,10.17,1.29,-3.49,0.0,0.0,56.516,0,
2026-02-11T17:20:42.007450,ATTACK,41.308,10.48,1.35,-3.43,0.0,0.0,55.926,0,
2026-02-11T17:20:42.059614,ATTACK,41.444,10.69,1.39,-3.34,0.0,0.0,55.619,0,
2026-02-11T17:20:42.111901,ATTACK,41.653,10.98,1.42,-3.13,0.0,0.0,54.981,0,
2026-02-11T17:20:42.163618,ATTACK,41.777,11.14,1.43,-3.0,0.0,0.0,54.233,0,
2026-02-11T17:20:42.215135,ATTACK,41.943,11.33,1.41,-2.84,0.0,0.0,53.891,0,
2026-02-11T17:20:42.267107,ATTACK,42.122,11.46,1.32,-2.74,0.0,0.0,53.207,0,
2026-02-11T17:20:42.319317,ATTACK,42.229,11.65,1.14,-2.57,0.0,0.0,52.858,0,
2026-02-11T17:20:42.371772,ATTACK,42.371,11.8,0.99,-2.41,0.0,0.0,52.055,0,
2026-02-11T17:20:42.423747,ATTACK,42.468,11.9,0.88,-2.31,0.0,0.0,51.691,0,
2026-02-11T17:20:42.476016,ATTACK,42.614,12.04,0.71,-2.17,0.0,0.0,50.951,0,
2026-02-11T17:20:42.528084,ATTACK,42.734,12.15,0.58,-2.06,0.0,0.0,50.575,0,
2026-02-11T17:20:42.579826,ATTACK,42.817,12.22,0.48,-1.99,0.0,0.0,49.718,0,
2026-02-11T17:20:42.631519,ATTACK,42.942,12.33,0.34,-1.89,0.0,0.0,48.942,0,
2026-02-11T17:20:42.683792,ATTACK,43.017,12.39,0.24,-1.83,0.0,0.0,48.548,0,
2026-02-11T17:20:42.735663,ATTACK,43.118,12.47,0.12,-1.75,0.0,0.0,47.653,0,
2026-02-11T17:20:42.788135,ATTACK,43.229,12.54,0.0,-1.67,0.0,0.0,47.253,0,
2026-02-11T17:20:42.840271,ATTACK,43.295,12.59,-0.05,-1.63,0.0,0.0,46.448,0,
2026-02-11T17:20:42.891752,ATTACK,43.398,12.65,-0.15,-1.57,0.0,0.0,46.044,0,
2026-02-11T17:20:42.943836,ATTACK,43.448,12.68,-0.19,-1.54,0.0,0.0,45.13,0,
2026-02-11T17:20:42.995492,ATTACK,43.545,12.74,-0.25,-1.48,0.0,0.0,44.313,0,
2026-02-11T17:20:43.047657,ATTACK,43.625,12.78,-0.31,-1.44,0.0,0.0,43.9,0,
2026-02-11T17:20:43.099393,ATTACK,43.679,12.82,-0.34,-1.4,0.0,0.0,43.062,0,
2026-02-11T17:20:43.150836,ATTACK,43.764,12.87,-0.39,-1.35,0.0,0.0,42.539,0,
2026-02-11T17:20:43.202899,ATTACK,43.816,12.89,-0.41,-1.33,0.0,0.0,41.7,0,
2026-02-11T17:20:43.254742,ATTACK,43.887,12.93,-0.43,-1.29,0.0,0.0,41.281,0,
2026-02-11T17:20:43.306652,ATTACK,43.936,12.96,-0.45,-1.27,0.0,0.0,40.441,0,
2026-02-11T17:20:43.358326,ATTACK,44.014,12.99,-0.46,-1.24,0.0,0.0,39.916,0,
2026-02-11T17:20:43.410157,ATTACK,44.08,13.03,-0.46,-1.2,0.0,0.0,39.074,0,
2026-02-11T17:20:43.461828,ATTACK,44.123,13.05,-0.47,-1.18,0.0,0.0,38.647,0,
2026-02-11T17:20:43.513723,ATTACK,44.19,13.09,-0.48,-1.14,0.0,0.0,37.784,0,
2026-02-11T17:20:43.565317,ATTACK,44.232,13.11,-0.48,-1.12,0.0,0.0,36.816,0,
2026-02-11T17:20:43.616951,ATTACK,44.288,13.14,-0.48,-1.09,0.0,0.0,36.386,0,
2026-02-11T17:20:43.668475,ATTACK,44.352,13.17,-0.47,-1.06,0.0,0.0,35.527,0,
2026-02-11T17:20:43.720352,ATTACK,44.391,13.19,-0.46,-1.04,0.0,0.0,35.098,0,
2026-02-11T17:20:43.772804,ATTACK,44.453,13.22,-0.44,-1.01,0.0,0.0,34.134,0,
2026-02-11T17:20:43.824994,ATTACK,44.483,13.23,-0.43,-0.99,0.0,0.0,33.705,0,
2026-02-11T17:20:43.877463,ATTACK,44.537,13.27,-0.41,-0.96,0.0,0.0,32.83,0,
2026-02-11T17:20:43.930208,ATTACK,44.583,13.29,-0.4,-0.93,0.0,0.0,32.391,0,
2026-02-11T17:20:43.982927,ATTACK,44.616,13.31,-0.39,-0.91,0.0,0.0,31.406,0,
2026-02-11T17:20:44.035217,ATTACK,44.667,13.34,-0.37,-0.88,0.0,0.0,30.533,0,
2026-02-11T17:20:44.087734,ATTACK,44.711,13.36,-0.34,-0.85,0.0,0.0,30.097,0,
2026-02-11T17:20:44.139165,ATTACK,44.742,13.37,-0.33,-0.83,0.0,0.0,29.118,0,
2026-02-11T17:20:44.190758,ATTACK,44.79,13.39,-0.3,-0.8,0.0,0.0,28.684,0,
2026-02-11T17:20:44.242569,ATTACK,44.818,13.41,-0.28,-0.79,0.0,0.0,27.811,0,
2026-02-11T17:20:44.293791,ATTACK,44.853,13.43,-0.27,-0.76,0.0,0.0,27.368,0,
2026-02-11T17:20:44.347126,ATTACK,44.879,13.45,-0.25,-0.75,0.0,0.0,26.374,0,
2026-02-11T17:20:44.399005,ATTACK,44.919,13.47,-0.23,-0.72,0.0,0.0,25.494,0,
2026-02-11T17:20:44.451561,ATTACK,44.953,13.49,-0.21,-0.7,0.0,0.0,25.055,0,
2026-02-11T17:20:44.504142,ATTACK,44.978,13.5,-0.19,-0.68,0.0,0.0,24.178,0,
2026-02-11T17:20:44.555616,ATTACK,45.016,13.52,-0.16,-0.66,0.0,0.0,23.631,0,
2026-02-11T17:20:44.607748,ATTACK,45.049,13.53,-0.14,-0.64,0.0,0.0,22.756,0,
2026-02-11T17:20:44.659443,ATTACK,45.069,13.55,-0.12,-0.63,0.0,0.0,22.314,0,
2026-02-11T17:20:44.711652,ATTACK,45.1,13.57,-0.1,-0.6,0.0,0.0,21.422,0,
2026-02-11T17:20:44.763807,ATTACK,45.119,13.59,-0.08,-0.59,0.0,0.0,20.866,0,
2026-02-11T17:20:44.815810,ATTACK,45.146,13.6,-0.06,-0.57,0.0,0.0,19.98,0,
2026-02-11T17:20:44.868342,ATTACK,45.177,13.62,-0.04,-0.55,0.0,0.0,19.095,0,
2026-02-11T17:20:44.920973,ATTACK,45.196,13.63,-0.02,-0.54,0.0,0.0,18.654,0,
2026-02-11T17:20:44.973224,ATTACK,45.222,13.64,0.0,-0.53,0.0,0.0,17.662,0,
2026-02-11T17:20:45.025457,ATTACK,45.241,13.64,0.01,-0.51,0.0,0.0,17.222,0,
2026-02-11T17:20:45.077128,ATTACK,45.266,13.66,0.04,-0.49,0.0,0.0,16.328,0,
2026-02-11T17:20:45.130087,ATTACK,45.288,13.67,0.06,-0.48,0.0,0.0,15.88,0,
2026-02-11T17:20:45.181498,ATTACK,45.303,13.67,0.08,-0.47,0.0,0.0,14.876,0,
2026-02-11T17:20:45.232819,ATTACK,45.329,13.67,0.11,-0.46,0.0,0.0,14.431,0,
2026-02-11T17:20:45.284454,ATTACK,45.344,13.66,0.13,-0.45,0.0,0.0,13.544,0,
2026-02-11T17:20:45.336969,ATTACK,45.366,13.61,0.15,-0.43,0.0,0.0,12.552,0,
2026-02-11T17:20:45.388933,ATTACK,45.391,13.54,0.18,-0.48,0.0,0.0,12.113,0,
2026-02-11T17:20:45.441325,ATTACK,45.409,13.48,0.19,-0.59,0.0,0.0,11.237,0,
2026-02-11T17:20:45.493212,ATTACK,45.443,13.36,0.22,-0.86,0.0,0.0,10.795,0,
2026-02-11T17:20:45.545231,ATTACK,45.478,13.23,0.24,-1.12,0.0,0.0,9.816,0,
2026-02-11T17:20:45.597331,ATTACK,45.56,12.97,0.28,-1.58,0.0,0.0,8.966,0,
2026-02-11T17:20:45.649064,ATTACK,45.654,12.71,0.31,-1.95,0.0,0.0,8.549,0,
2026-02-11T17:20:45.701118,ATTACK,45.734,12.52,0.33,-2.18,0.0,0.0,7.735,0,
2026-02-11T17:20:45.753024,ATTACK,45.881,12.2,0.35,-2.51,0.0,0.0,7.239,0,
2026-02-11T17:20:45.804344,ATTACK,45.983,12.0,0.37,-2.69,0.0,0.0,6.47,0,
2026-02-11T17:20:45.856722,ATTACK,46.125,11.72,0.38,-2.88,0.0,0.0,6.084,0,
2026-02-11T17:20:45.908398,ATTACK,46.293,11.41,0.4,-3.08,0.0,0.0,5.314,0,
2026-02-11T17:20:45.960168,ATTACK,46.406,11.19,0.4,-3.21,0.0,0.0,4.857,0,
2026-02-11T17:20:46.012186,ATTACK,46.577,10.87,0.41,-3.4,0.0,0.0,4.171,0,
2026-02-11T17:20:46.064579,ATTACK,46.707,10.62,0.41,-3.54,0.0,0.0,3.854,0,
2026-02-11T17:20:46.116496,ATTACK,46.928,10.2,0.42,-3.75,0.0,0.0,3.284,0,
2026-02-11T17:20:46.168936,ATTACK,47.134,9.81,0.42,-3.92,0.0,0.0,2.78,0,
2026-02-11T17:20:46.221205,ATTACK,47.288,9.53,0.41,-4.02,0.0,0.0,2.617,0,
2026-02-11T17:20:46.273477,ATTACK,47.527,9.1,0.4,-4.15,0.0,0.0,2.39,0,
2026-02-11T17:20:46.273614,ATTACK,47.527,9.1,0.4,-4.15,0.0,0.0,2.39,1,
2026-02-11T17:20:46.305749,RECOVERY,47.587,9.0,0.4,-4.17,0.0,0.0,0.0,0,
