timestamp,phase,altitude_m,vertical_speed_m_s,airspeed_m_s,total_speed_m_s,roll_deg,pitch_deg,yaw_deg,loiter_time_s,target_distance_m,dive_distance_m,dive_time_s
2026-01-20T15:36:16.121846,CLIMB,0.0,-0.01,0.01,0.01,-0.0,0.09,90.6,0.0,0.0,0.0,0.0
2026-01-20T15:36:16.222066,CLIMB,0.0,-0.01,0.01,0.02,-0.01,0.06,90.6,0.0,0.0,0.0,0.0
2026-01-20T15:36:16.322287,CLIMB,0.0,-0.01,0.01,0.02,-0.01,0.04,90.61,0.0,0.0,0.0,0.0
2026-01-20T15:36:16.423402,CLIMB,0.0,-0.01,0.01,0.01,-0.04,0.02,90.64,0.0,0.0,0.0,0.0
2026-01-20T15:36:16.524357,CLIMB,0.01,-0.01,0.0,0.01,-0.06,0.03,90.61,0.0,0.0,0.0,0.0
2026-01-20T15:36:16.624707,CLIMB,0.01,-0.02,0.0,0.02,-0.06,0.02,90.59,0.0,0.0,0.0,0.0
2026-01-20T15:36:16.725621,CLIMB,0.01,-0.01,0.0,0.01,-0.06,0.02,90.59,0.0,0.0,0.0,0.0
2026-01-20T15:36:16.826621,CLIMB,0.01,-0.01,0.0,0.01,-0.02,0.01,90.6,0.0,0.0,0.0,0.0
2026-01-20T15:36:16.927268,CLIMB,0.01,-0.02,0.0,0.02,-0.03,0.01,90.59,0.0,0.0,0.0,0.0
2026-01-20T15:36:17.028284,CLIMB,0.02,-0.01,0.0,0.01,-0.02,0.01,90.61,0.0,0.0,0.0,0.0
2026-01-20T15:36:17.129049,CLIMB,0.02,-0.01,0.22,0.22,-0.03,0.01,90.61,0.0,0.0,0.0,0.0
2026-01-20T15:36:17.229797,CLIMB,0.02,-0.01,0.68,0.68,-0.05,0.01,90.6,0.0,0.0,0.0,0.0
2026-01-20T15:36:17.330322,CLIMB,0.02,-0.01,1.42,1.42,-0.07,0.01,90.6,0.0,0.0,0.0,0.0
2026-01-20T15:36:17.431276,CLIMB,0.0,-0.02,2.54,2.54,-0.08,-0.0,90.63,0.0,0.0,0.0,0.0
2026-01-20T15:36:17.531615,CLIMB,0.0,-0.02,3.88,3.88,-0.03,0.12,90.76,0.0,0.0,0.0,0.0
2026-01-20T15:36:17.632342,CLIMB,0.01,-0.08,5.74,5.74,0.01,-0.31,91.92,0.0,0.0,0.0,0.0
2026-01-20T15:36:17.733174,CLIMB,0.02,-0.1,7.62,7.62,0.02,-1.53,94.24,0.0,0.0,0.0,0.0
2026-01-20T15:36:17.833572,CLIMB,0.03,-0.09,9.7,9.7,0.06,-2.12,96.84,0.0,0.0,0.0,0.0
2026-01-20T15:36:17.933869,CLIMB,0.04,-0.1,12.03,12.03,0.09,-2.38,97.86,0.0,0.0,0.0,0.0
2026-01-20T15:36:18.034829,CLIMB,0.05,-0.12,13.73,13.73,0.08,-2.51,97.44,0.0,0.0,0.0,0.0
2026-01-20T15:36:18.135401,CLIMB,0.07,-0.14,15.46,15.46,0.08,-2.56,96.72,0.0,0.0,0.0,0.0
2026-01-20T15:36:18.236536,CLIMB,0.08,-0.18,16.91,16.91,0.08,-2.62,96.08,0.0,0.0,0.0,0.0
2026-01-20T15:36:18.337644,CLIMB,0.13,-0.24,17.82,17.82,0.16,-2.4,95.27,0.0,0.0,0.0,0.0
2026-01-20T15:36:18.438601,CLIMB,0.18,-0.35,18.53,18.53,0.23,-2.03,94.33,0.0,0.0,0.0,0.0
2026-01-20T15:36:18.539384,CLIMB,0.24,-0.4,19.19,19.19,0.26,-1.7,93.21,0.0,0.0,0.0,0.0
2026-01-20T15:36:18.640003,CLIMB,0.3,-0.46,19.88,19.89,0.27,-1.45,92.17,0.0,0.0,0.0,0.0
2026-01-20T15:36:18.740416,CLIMB,0.33,-0.53,20.62,20.63,0.29,-1.28,91.21,0.0,0.0,0.0,0.0
2026-01-20T15:36:18.841610,CLIMB,0.38,-0.76,21.16,21.17,0.29,-0.79,90.64,0.0,0.0,0.0,0.0
2026-01-20T15:36:18.942275,CLIMB,0.46,-1.09,21.52,21.55,0.27,0.05,90.34,0.0,0.0,0.0,0.0
2026-01-20T15:36:19.043022,CLIMB,0.57,-1.5,21.77,21.82,0.41,1.05,90.25,0.0,0.0,0.0,0.0
2026-01-20T15:36:19.143493,CLIMB,0.67,-1.96,21.97,22.06,1.83,2.31,91.01,0.0,0.0,0.0,0.0
2026-01-20T15:36:19.244639,CLIMB,0.84,-2.55,22.04,22.19,3.19,3.56,92.23,0.0,0.0,0.0,0.0
2026-01-20T15:36:19.345753,CLIMB,1.07,-3.1,22.05,22.27,3.87,4.9,92.75,0.0,0.0,0.0,0.0
2026-01-20T15:36:19.446440,CLIMB,1.34,-3.51,22.06,22.33,4.01,5.98,92.42,0.0,0.0,0.0,0.0
2026-01-20T15:36:19.547357,CLIMB,1.59,-3.77,22.13,22.45,3.86,6.62,91.79,0.0,0.0,0.0,0.0
2026-01-20T15:36:19.648459,CLIMB,1.87,-3.98,22.18,22.53,3.73,7.13,91.45,0.0,0.0,0.0,0.0
2026-01-20T15:36:19.749609,CLIMB,2.22,-4.2,22.2,22.6,3.6,7.64,91.42,0.0,0.0,0.0,0.0
2026-01-20T15:36:19.850393,CLIMB,2.58,-4.4,22.2,22.64,3.43,8.15,83.49,0.0,0.0,0.0,0.0
2026-01-20T15:36:19.950995,CLIMB,2.94,-4.56,22.27,22.73,3.17,8.6,84.69,0.0,0.0,0.0,0.0
2026-01-20T15:36:20.051249,CLIMB,3.32,-4.7,22.29,22.78,2.84,8.95,85.9,0.0,0.0,0.0,0.0
2026-01-20T15:36:20.151605,CLIMB,3.76,-4.85,22.29,22.81,2.48,9.27,86.85,0.0,0.0,0.0,0.0
2026-01-20T15:36:20.251832,CLIMB,4.19,-4.97,22.29,22.84,2.17,9.58,87.34,0.0,0.0,0.0,0.0
2026-01-20T15:36:20.352908,CLIMB,4.65,-5.05,22.32,22.89,1.74,9.78,86.89,0.0,0.0,0.0,0.0
2026-01-20T15:36:20.453891,CLIMB,5.1,-5.12,22.34,22.92,1.39,9.92,86.35,0.0,0.0,0.0,0.0
2026-01-20T15:36:20.555118,CLIMB,5.61,-5.21,22.34,22.94,1.06,10.08,86.02,0.0,0.0,0.0,0.0
2026-01-20T15:36:20.656596,CLIMB,6.21,-5.3,22.34,22.96,0.78,10.26,85.8,0.0,0.0,0.0,0.0
2026-01-20T15:36:20.757390,CLIMB,6.7,-5.35,22.37,23.0,0.45,10.38,85.26,0.0,0.0,0.0,0.0
2026-01-20T15:36:20.857903,CLIMB,7.24,-5.41,22.38,23.03,0.14,10.49,84.8,0.0,0.0,0.0,0.0
2026-01-20T15:36:20.958288,CLIMB,7.76,-5.45,22.38,23.04,-0.12,10.58,84.54,0.0,0.0,0.0,0.0
2026-01-20T15:36:21.058592,CLIMB,8.32,-5.48,22.39,23.05,-0.32,10.66,84.42,0.0,0.0,0.0,0.0
2026-01-20T15:36:21.159395,CLIMB,8.88,-5.51,22.41,23.08,-0.57,10.69,84.14,0.0,0.0,0.0,0.0
2026-01-20T15:36:21.259827,CLIMB,9.4,-5.53,22.42,23.09,-0.76,10.72,83.96,0.0,0.0,0.0,0.0
2026-01-20T15:36:21.360682,CLIMB,9.94,-5.54,22.43,23.11,-0.9,10.75,83.83,0.0,0.0,0.0,0.0
2026-01-20T15:36:21.461956,CLIMB,10.52,-5.56,22.44,23.12,-1.03,10.74,83.69,0.0,0.0,0.0,0.0
2026-01-20T15:36:21.563174,CLIMB,11.06,-5.57,22.46,23.14,-1.17,10.74,83.54,0.0,0.0,0.0,0.0
2026-01-20T15:36:21.664118,CLIMB,11.64,-5.57,22.47,23.15,-1.3,10.74,83.42,0.0,0.0,0.0,0.0
2026-01-20T15:36:21.765265,CLIMB,12.18,-5.57,22.49,23.17,-1.36,10.73,83.38,0.0,0.0,0.0,0.0
2026-01-20T15:36:21.866407,CLIMB,12.77,-5.56,22.5,23.17,-1.44,10.7,83.37,0.0,0.0,0.0,0.0
2026-01-20T15:36:21.967568,CLIMB,13.31,-5.56,22.52,23.19,-1.47,10.66,83.42,0.0,0.0,0.0,0.0
2026-01-20T15:36:22.068865,CLIMB,13.9,-5.55,22.53,23.2,-1.48,10.64,83.46,0.0,0.0,0.0,0.0
2026-01-20T15:36:22.169589,CLIMB,14.44,-5.54,22.54,23.21,-1.47,10.61,83.46,0.0,0.0,0.0,0.0
2026-01-20T15:36:22.270018,CLIMB,15.03,-5.53,22.55,23.22,-1.47,10.54,83.44,0.0,0.0,0.0,0.0
2026-01-20T15:36:22.370465,CLIMB,15.57,-5.52,22.56,23.23,-1.47,10.49,83.48,0.0,0.0,0.0,0.0
2026-01-20T15:36:22.471322,CLIMB,16.15,-5.5,22.58,23.24,-1.43,10.45,83.53,0.0,0.0,0.0,0.0
2026-01-20T15:36:22.572640,CLIMB,16.74,-5.49,22.59,23.25,-1.4,10.41,83.59,0.0,0.0,0.0,0.0
2026-01-20T15:36:22.673170,CLIMB,17.27,-5.47,22.6,23.26,-1.36,10.35,83.62,0.0,0.0,0.0,0.0
2026-01-20T15:36:22.773452,CLIMB,17.81,-5.45,22.62,23.27,-1.32,10.3,83.64,0.0,0.0,0.0,0.0
2026-01-20T15:36:22.873724,CLIMB,18.38,-5.43,22.63,23.27,-1.24,10.22,83.68,0.0,0.0,0.0,0.0
2026-01-20T15:36:22.974680,CLIMB,18.91,-5.42,22.64,23.28,-1.19,10.18,83.7,0.0,0.0,0.0,0.0
2026-01-20T15:36:23.075275,CLIMB,19.49,-5.4,22.66,23.3,-1.17,10.14,83.66,0.0,0.0,0.0,0.0
2026-01-20T15:36:23.176405,CLIMB,20.02,-5.37,22.68,23.31,-1.13,10.07,83.65,0.0,0.0,0.0,0.0
2026-01-20T15:36:23.276787,CLIMB,20.59,-5.36,22.7,23.33,-1.07,9.99,83.67,0.0,0.0,0.0,0.0
2026-01-20T15:36:23.377942,CLIMB,21.24,-5.34,22.71,23.33,-1.03,9.94,83.65,0.0,0.0,0.0,0.0
2026-01-20T15:36:23.478539,CLIMB,21.77,-5.32,22.73,23.34,-1.06,9.88,83.59,0.0,0.0,0.0,0.0
2026-01-20T15:36:23.578971,CLIMB,22.33,-5.29,22.75,23.36,-1.08,9.8,83.55,0.0,0.0,0.0,0.0
2026-01-20T15:36:23.679320,CLIMB,22.85,-5.28,22.76,23.36,-1.1,9.74,83.53,0.0,0.0,0.0,0.0
2026-01-20T15:36:23.780295,CLIMB,23.41,-5.26,22.78,23.38,-1.11,9.67,83.52,0.0,0.0,0.0,0.0
2026-01-20T15:36:23.881231,CLIMB,23.92,-5.24,22.79,23.38,-1.13,9.62,83.49,0.0,0.0,0.0,0.0
2026-01-20T15:36:23.982386,CLIMB,24.48,-5.22,22.81,23.4,-1.15,9.58,83.42,0.0,0.0,0.0,0.0
2026-01-20T15:36:24.083489,CLIMB,24.99,-5.2,22.82,23.4,-1.18,9.52,83.34,0.0,0.0,0.0,0.0
2026-01-20T15:36:24.183899,CLIMB,25.54,-5.18,22.83,23.41,-1.2,9.46,83.29,0.0,0.0,0.0,0.0
2026-01-20T15:36:24.284708,CLIMB,26.05,-5.16,22.84,23.41,-1.22,9.41,83.27,0.0,0.0,0.0,0.0
2026-01-20T15:36:24.385610,CLIMB,26.6,-5.15,22.85,23.42,-1.24,9.36,83.27,0.0,0.0,0.0,0.0
2026-01-20T15:36:24.485938,CLIMB,27.1,-5.13,22.86,23.43,-1.28,9.31,83.27,0.0,0.0,0.0,0.0
2026-01-20T15:36:24.586602,CLIMB,27.65,-5.12,22.87,23.43,-1.3,9.23,83.24,0.0,0.0,0.0,0.0
2026-01-20T15:36:24.687570,CLIMB,28.15,-5.11,22.88,23.44,-1.32,9.2,83.22,0.0,0.0,0.0,0.0
2026-01-20T15:36:24.788118,CLIMB,28.69,-5.09,22.89,23.45,-1.37,9.18,83.2,0.0,0.0,0.0,0.0
2026-01-20T15:36:24.889212,CLIMB,29.18,-5.07,22.9,23.45,-1.39,9.16,83.24,0.0,0.0,0.0,0.0
2026-01-20T15:36:24.990286,CLIMB,29.72,-5.06,22.91,23.46,-1.39,9.08,83.23,0.0,0.0,0.0,0.0
2026-01-20T15:36:25.091309,CLIMB,30.21,-5.05,22.92,23.47,-1.41,9.05,83.19,0.0,0.0,0.0,0.0
2026-01-20T15:36:25.192296,CLIMB,30.75,-5.03,22.93,23.47,-1.45,9.0,83.17,0.0,0.0,0.0,0.0
2026-01-20T15:36:25.292866,CLIMB,31.24,-5.02,22.93,23.48,-1.47,8.94,83.16,0.0,0.0,0.0,0.0
2026-01-20T15:36:25.393550,CLIMB,31.77,-5.02,22.93,23.48,-1.52,8.9,83.1,0.0,0.0,0.0,0.0
2026-01-20T15:36:25.494455,CLIMB,32.26,-5.02,22.94,23.49,-1.53,8.88,83.05,0.0,0.0,0.0,0.0
2026-01-20T15:36:25.595707,CLIMB,32.79,-5.02,22.95,23.5,-1.53,8.84,83.03,0.0,0.0,0.0,0.0
2026-01-20T15:36:25.696657,CLIMB,33.28,-5.01,22.95,23.49,-1.55,8.81,83.0,0.0,0.0,0.0,0.0
2026-01-20T15:36:25.797568,CLIMB,33.81,-5.0,22.96,23.5,-1.55,8.79,82.97,0.0,0.0,0.0,0.0
2026-01-20T15:36:25.898521,CLIMB,34.3,-4.99,22.97,23.51,-1.56,8.76,82.9,0.0,0.0,0.0,0.0
2026-01-20T15:36:25.999611,CLIMB,34.91,-4.98,22.97,23.51,-1.58,8.73,82.84,0.0,0.0,0.0,0.0
2026-01-20T15:36:26.100501,CLIMB,35.43,-4.98,22.98,23.52,-1.58,8.71,82.77,0.0,0.0,0.0,0.0
2026-01-20T15:36:26.201557,CLIMB,35.91,-4.96,22.98,23.51,-1.58,8.68,82.7,0.0,0.0,0.0,0.0
2026-01-20T15:36:26.301984,CLIMB,36.44,-4.95,22.99,23.52,-1.57,8.65,82.68,0.0,0.0,0.0,0.0
2026-01-20T15:36:26.402371,CLIMB,36.92,-4.95,23.0,23.53,-1.57,8.65,82.6,0.0,0.0,0.0,0.0
2026-01-20T15:36:26.502941,CLIMB,37.44,-4.93,23.01,23.53,-1.58,8.61,82.55,0.0,0.0,0.0,0.0
2026-01-20T15:36:26.603427,CLIMB,37.92,-4.92,23.02,23.54,-1.58,8.59,82.53,0.0,0.0,0.0,0.0
2026-01-20T15:36:26.703921,CLIMB,38.44,-4.91,23.03,23.55,-1.55,8.58,82.51,0.0,0.0,0.0,0.0
2026-01-20T15:36:26.804706,CLIMB,38.92,-4.9,23.03,23.55,-1.54,8.56,82.5,0.0,0.0,0.0,0.0
2026-01-20T15:36:26.905684,CLIMB,39.43,-4.9,23.04,23.56,-1.52,8.53,82.49,0.0,0.0,0.0,0.0
2026-01-20T15:36:27.006612,CLIMB,39.95,-4.89,23.05,23.56,-1.5,8.5,82.46,0.0,0.0,0.0,0.0
2026-01-20T15:36:27.106975,CLIMB,40.43,-4.88,23.06,23.57,-1.48,8.47,82.38,0.0,0.0,0.0,0.0
2026-01-20T15:36:27.207382,CLIMB,40.9,-4.88,23.06,23.57,-1.49,8.45,82.25,0.0,0.0,0.0,0.0
2026-01-20T15:36:27.308693,CLIMB,41.41,-4.87,23.07,23.58,-1.5,8.43,82.16,0.0,0.0,0.0,0.0
2026-01-20T15:36:27.409534,CLIMB,41.89,-4.86,23.07,23.58,-1.48,8.42,82.1,0.0,0.0,0.0,0.0
2026-01-20T15:36:27.510707,CLIMB,42.4,-4.85,23.08,23.58,-1.47,8.39,82.05,0.0,0.0,0.0,0.0
2026-01-20T15:36:27.611334,CLIMB,42.87,-4.85,23.08,23.58,-1.47,8.39,81.96,0.0,0.0,0.0,0.0
2026-01-20T15:36:27.712160,CLIMB,43.38,-4.84,23.09,23.59,-1.45,8.36,81.87,0.0,0.0,0.0,0.0
2026-01-20T15:36:27.813273,CLIMB,43.84,-4.83,23.09,23.59,-1.45,8.35,81.82,0.0,0.0,0.0,0.0
2026-01-20T15:36:27.914242,CLIMB,44.35,-4.83,23.1,23.6,-1.42,8.36,81.76,0.0,0.0,0.0,0.0
2026-01-20T15:36:28.015434,CLIMB,44.82,-4.81,23.1,23.6,-1.41,8.32,81.7,0.0,0.0,0.0,0.0
2026-01-20T15:36:28.116816,CLIMB,45.32,-4.81,23.1,23.6,-1.38,8.33,81.67,0.0,0.0,0.0,0.0
2026-01-20T15:36:28.217735,CLIMB,45.83,-4.8,23.1,23.59,-1.32,8.29,81.64,0.0,0.0,0.0,0.0
2026-01-20T15:36:28.318733,CLIMB,46.29,-4.8,23.1,23.59,-1.3,8.28,81.57,0.0,0.0,0.0,0.0
2026-01-20T15:36:28.419609,CLIMB,46.8,-4.8,23.1,23.59,-1.29,8.27,81.46,0.0,0.0,0.0,0.0
2026-01-20T15:36:28.520363,CLIMB,47.26,-4.79,23.11,23.6,-1.26,8.27,81.38,0.0,0.0,0.0,0.0
2026-01-20T15:36:28.620796,CLIMB,47.72,-4.78,23.11,23.6,-1.23,8.23,81.34,0.0,0.0,0.0,0.0
2026-01-20T15:36:28.721607,CLIMB,48.3,-4.78,23.11,23.6,-1.2,8.22,81.33,0.0,0.0,0.0,0.0
2026-01-20T15:36:28.822224,CLIMB,48.8,-4.78,23.11,23.6,-1.17,8.22,81.29,0.0,0.0,0.0,0.0
2026-01-20T15:36:28.922833,CLIMB,49.26,-4.77,23.11,23.6,-1.14,8.18,81.26,0.0,0.0,0.0,0.0
2026-01-20T15:36:29.023292,CLIMB,49.76,-4.77,23.12,23.61,-1.09,8.18,81.25,0.0,0.0,0.0,0.0
2026-01-20T15:36:29.123577,CLIMB,50.23,-4.78,23.12,23.61,-1.06,8.16,81.25,0.0,0.0,0.0,0.0
2026-01-20T15:36:29.224473,CLIMB,50.73,-4.78,23.12,23.61,-1.04,8.13,81.23,0.0,0.0,0.0,0.0
2026-01-20T15:36:29.325748,CLIMB,51.19,-4.79,23.12,23.61,-1.0,8.13,81.22,0.0,0.0,0.0,0.0
2026-01-20T15:36:29.426592,CLIMB,51.69,-4.78,23.13,23.62,-0.97,8.14,81.19,0.0,0.0,0.0,0.0
2026-01-20T15:36:29.527558,CLIMB,52.15,-4.78,23.13,23.62,-0.94,8.13,81.17,0.0,0.0,0.0,0.0
2026-01-20T15:36:29.628880,CLIMB,52.66,-4.79,23.13,23.62,-0.92,8.12,81.21,0.0,0.0,0.0,0.0
2026-01-20T15:36:29.729651,CLIMB,53.12,-4.79,23.13,23.62,-0.89,8.11,81.22,0.0,0.0,0.0,0.0
2026-01-20T15:36:29.830686,CLIMB,53.62,-4.79,23.14,23.63,-0.85,8.12,81.2,0.0,0.0,0.0,0.0
2026-01-20T15:36:29.931541,CLIMB,54.08,-4.79,23.14,23.63,-0.82,8.12,81.18,0.0,0.0,0.0,0.0
2026-01-20T15:36:30.031915,CLIMB,54.59,-4.78,23.14,23.63,-0.79,8.13,81.18,0.0,0.0,0.0,0.0
2026-01-20T15:36:30.133077,CLIMB,55.05,-4.78,23.15,23.64,-0.78,8.11,81.18,0.0,0.0,0.0,0.0
2026-01-20T15:36:30.233664,CLIMB,55.55,-4.77,23.15,23.64,-0.75,8.1,81.16,0.0,0.0,0.0,0.0
2026-01-20T15:36:30.334214,CLIMB,56.01,-4.76,23.15,23.63,-0.73,8.09,81.21,0.0,0.0,0.0,0.0
2026-01-20T15:36:30.435485,CLIMB,56.5,-4.76,23.15,23.63,-0.67,8.1,81.21,0.0,0.0,0.0,0.0
2026-01-20T15:36:30.536790,CLIMB,56.96,-4.76,23.16,23.64,-0.67,8.13,81.22,0.0,0.0,0.0,0.0
2026-01-20T15:36:30.637327,CLIMB,57.46,-4.75,23.17,23.65,-0.64,8.09,81.22,0.0,0.0,0.0,0.0
2026-01-20T15:36:30.738629,CLIMB,57.92,-4.74,23.17,23.65,-0.59,8.09,81.3,0.0,0.0,0.0,0.0
2026-01-20T15:36:30.839640,CLIMB,58.41,-4.74,23.17,23.65,-0.58,8.08,81.36,0.0,0.0,0.0,0.0
2026-01-20T15:36:30.940125,CLIMB,58.87,-4.73,23.17,23.65,-0.54,8.07,81.39,0.0,0.0,0.0,0.0
2026-01-20T15:36:31.040860,CLIMB,59.36,-4.73,23.18,23.66,-0.49,8.06,81.4,0.0,0.0,0.0,0.0
2026-01-20T15:36:31.141939,CLIMB,59.82,-4.73,23.18,23.66,-0.43,8.04,81.46,0.0,0.0,0.0,0.0
2026-01-20T15:36:31.242849,CLIMB,60.39,-4.72,23.18,23.66,-0.39,8.04,81.56,0.0,0.0,0.0,0.0
2026-01-20T15:36:31.343050,CLIMB,60.88,-4.72,23.19,23.67,-0.36,8.04,81.62,0.0,0.0,0.0,0.0
2026-01-20T15:36:31.444273,CLIMB,61.34,-4.71,23.19,23.66,-0.34,8.02,81.65,0.0,0.0,0.0,0.0
2026-01-20T15:36:31.544714,CLIMB,61.83,-4.71,23.19,23.66,-0.29,8.02,81.81,0.0,0.0,0.0,0.0
2026-01-20T15:36:31.645450,CLIMB,62.28,-4.71,23.19,23.66,-0.24,8.04,81.98,0.0,0.0,0.0,0.0
2026-01-20T15:36:31.746652,CLIMB,62.77,-4.7,23.19,23.66,-0.22,8.03,82.08,0.0,0.0,0.0,0.0
2026-01-20T15:36:31.847663,CLIMB,63.23,-4.7,23.19,23.66,-0.19,8.01,82.14,0.0,0.0,0.0,0.0
2026-01-20T15:36:31.948325,CLIMB,63.72,-4.7,23.19,23.66,-0.16,8.04,82.27,0.0,0.0,0.0,0.0
2026-01-20T15:36:32.048675,CLIMB,64.17,-4.69,23.2,23.67,-0.13,8.01,82.41,0.0,0.0,0.0,0.0
2026-01-20T15:36:32.149635,CLIMB,64.66,-4.69,23.21,23.68,-0.12,7.99,82.47,0.0,0.0,0.0,0.0
2026-01-20T15:36:32.250400,CLIMB,65.11,-4.69,23.21,23.68,-0.14,8.0,82.52,0.0,0.0,0.0,0.0
2026-01-20T15:36:32.351357,CLIMB,65.6,-4.69,23.2,23.67,-0.06,7.99,82.73,0.0,0.0,0.0,0.0
2026-01-20T15:36:32.452365,CLIMB,66.05,-4.69,23.2,23.67,-0.03,7.99,82.93,0.0,0.0,0.0,0.0
2026-01-20T15:36:32.553445,CLIMB,66.54,-4.69,23.2,23.67,-0.02,8.0,83.03,0.0,0.0,0.0,0.0
2026-01-20T15:36:32.654573,CLIMB,66.99,-4.68,23.2,23.67,-0.05,7.97,83.06,0.0,0.0,0.0,0.0
2026-01-20T15:36:32.755287,CLIMB,67.48,-4.68,23.2,23.67,-0.03,7.97,83.23,0.0,0.0,0.0,0.0
2026-01-20T15:36:32.856323,CLIMB,67.93,-4.68,23.2,23.67,-0.01,7.97,83.44,0.0,0.0,0.0,0.0
2026-01-20T15:36:32.957119,CLIMB,68.41,-4.68,23.21,23.68,-0.02,7.99,83.57,0.0,0.0,0.0,0.0
2026-01-20T15:36:33.057414,CLIMB,68.86,-4.68,23.21,23.68,-0.06,7.97,83.61,0.0,0.0,0.0,0.0
2026-01-20T15:36:33.158458,CLIMB,69.35,-4.68,23.21,23.68,-0.02,7.97,83.82,0.0,0.0,0.0,0.0
2026-01-20T15:36:33.259488,CLIMB,69.8,-4.68,23.21,23.68,0.02,7.98,84.02,0.0,0.0,0.0,0.0
2026-01-20T15:36:33.360710,CLIMB,70.29,-4.67,23.21,23.68,0.0,7.97,84.15,0.0,0.0,0.0,0.0
2026-01-20T15:36:33.461916,CLIMB,70.74,-4.68,23.21,23.68,-0.03,7.96,84.22,0.0,0.0,0.0,0.0
2026-01-20T15:36:33.563124,CLIMB,71.22,-4.68,23.21,23.68,0.02,7.96,84.45,0.0,0.0,0.0,0.0
2026-01-20T15:36:33.663597,CLIMB,71.67,-4.68,23.21,23.68,0.03,7.96,84.69,0.0,0.0,0.0,0.0
2026-01-20T15:36:33.764588,CLIMB,72.23,-4.68,23.21,23.68,0.01,7.98,84.83,0.0,0.0,0.0,0.0
2026-01-20T15:36:33.865467,CLIMB,72.72,-4.67,23.21,23.68,-0.03,7.98,84.91,0.0,0.0,0.0,0.0
2026-01-20T15:36:33.966244,CLIMB,73.17,-4.67,23.21,23.68,-0.03,7.97,85.08,0.0,0.0,0.0,0.0
2026-01-20T15:36:34.067314,CLIMB,73.65,-4.66,23.21,23.68,-0.05,7.96,85.27,0.0,0.0,0.0,0.0
2026-01-20T15:36:34.168170,CLIMB,74.1,-4.66,23.21,23.68,-0.06,7.95,85.43,0.0,0.0,0.0,0.0
2026-01-20T15:36:34.268403,CLIMB,74.58,-4.66,23.21,23.68,-0.09,7.97,85.5,0.0,0.0,0.0,0.0
2026-01-20T15:36:34.369276,CLIMB,75.03,-4.65,23.21,23.67,-0.09,7.94,85.72,0.0,0.0,0.0,0.0
2026-01-20T15:36:34.469725,CLIMB,75.51,-4.65,23.2,23.66,-0.1,7.96,85.92,0.0,0.0,0.0,0.0
2026-01-20T15:36:34.570813,CLIMB,75.96,-4.65,23.2,23.66,-0.12,7.95,85.98,0.0,0.0,0.0,0.0
2026-01-20T15:36:34.672085,CLIMB,76.44,-4.65,23.2,23.66,-0.17,7.94,86.05,0.0,0.0,0.0,0.0
2026-01-20T15:36:34.772726,CLIMB,76.88,-4.65,23.2,23.66,-0.18,7.94,86.24,0.0,0.0,0.0,0.0
2026-01-20T15:36:34.873209,CLIMB,77.36,-4.64,23.2,23.66,-0.2,7.95,86.45,0.0,0.0,0.0,0.0
2026-01-20T15:36:34.973986,CLIMB,77.81,-4.64,23.2,23.66,-0.24,7.95,86.56,0.0,0.0,0.0,0.0
2026-01-20T15:36:35.074325,CLIMB,78.29,-4.63,23.2,23.66,-0.3,7.94,86.61,0.0,0.0,0.0,0.0
2026-01-20T15:36:35.175376,CLIMB,78.74,-4.63,23.19,23.65,-0.29,7.94,86.75,0.0,0.0,0.0,0.0
2026-01-20T15:36:35.276395,CLIMB,79.22,-4.63,23.19,23.65,-0.32,7.93,86.89,0.0,0.0,0.0,0.0
2026-01-20T15:36:35.376858,CLIMB,79.66,-4.62,23.19,23.65,-0.36,7.96,86.96,0.0,0.0,0.0,0.0
2026-01-20T15:36:35.478071,CLIMB,80.14,-4.61,23.19,23.65,-0.41,7.94,86.99,0.0,0.0,0.0,0.0
2026-01-20T15:36:35.578374,CLIMB,80.58,-4.61,23.19,23.65,-0.42,7.94,87.07,0.0,0.0,0.0,0.0
2026-01-20T15:36:35.678768,CLIMB,81.06,-4.61,23.19,23.65,-0.46,7.95,87.14,0.0,0.0,0.0,0.0
2026-01-20T15:36:35.779629,CLIMB,81.5,-4.6,23.19,23.65,-0.5,7.93,87.22,0.0,0.0,0.0,0.0
2026-01-20T15:36:35.880707,CLIMB,81.98,-4.6,23.19,23.65,-0.55,7.93,87.25,0.0,0.0,0.0,0.0
2026-01-20T15:36:35.981151,CLIMB,82.42,-4.6,23.19,23.65,-0.57,7.92,87.31,0.0,0.0,0.0,0.0
2026-01-20T15:36:36.081922,CLIMB,82.9,-4.6,23.18,23.64,-0.63,7.91,87.33,0.0,0.0,0.0,0.0
2026-01-20T15:36:36.182986,CLIMB,83.34,-4.6,23.18,23.64,-0.69,7.93,87.33,0.0,0.0,0.0,0.0
2026-01-20T15:36:36.283408,CLIMB,83.81,-4.59,23.19,23.64,-0.73,7.91,87.34,0.0,0.0,0.0,0.0
2026-01-20T15:36:36.384650,CLIMB,84.25,-4.59,23.18,23.63,-0.75,7.94,87.4,0.0,0.0,0.0,0.0
2026-01-20T15:36:36.485808,CLIMB,84.73,-4.59,23.19,23.64,-0.77,7.94,87.47,0.0,0.0,0.0,0.0
2026-01-20T15:36:36.586354,CLIMB,85.28,-4.58,23.19,23.64,-0.79,7.9,87.51,0.0,0.0,0.0,0.0
2026-01-20T15:36:36.686834,CLIMB,85.72,-4.59,23.19,23.64,-0.83,7.91,87.51,0.0,0.0,0.0,0.0
2026-01-20T15:36:36.787448,CLIMB,86.2,-4.58,23.18,23.63,-0.85,7.9,87.51,0.0,0.0,0.0,0.0
2026-01-20T15:36:36.887846,CLIMB,86.64,-4.58,23.18,23.63,-0.88,7.91,87.55,0.0,0.0,0.0,0.0
2026-01-20T15:36:36.988414,CLIMB,87.11,-4.58,23.18,23.63,-0.91,7.91,87.56,0.0,0.0,0.0,0.0
2026-01-20T15:36:37.089273,CLIMB,87.56,-4.59,23.18,23.63,-0.94,7.93,87.53,0.0,0.0,0.0,0.0
2026-01-20T15:36:37.190300,CLIMB,88.03,-4.58,23.18,23.63,-0.99,7.9,87.47,0.0,0.0,0.0,0.0
2026-01-20T15:36:37.290723,CLIMB,88.51,-4.59,23.17,23.62,-1.03,7.88,87.42,0.0,0.0,0.0,0.0
2026-01-20T15:36:37.391690,CLIMB,88.95,-4.59,23.18,23.63,-1.05,7.92,87.41,0.0,0.0,0.0,0.0
2026-01-20T15:36:37.492739,CLIMB,89.39,-4.59,23.17,23.62,-1.06,7.91,87.37,0.0,0.0,0.0,0.0
2026-01-20T15:36:37.593337,CLIMB,89.87,-4.59,23.17,23.62,-1.1,7.9,87.34,0.0,0.0,0.0,0.0
2026-01-20T15:36:37.693992,CLIMB,90.3,-4.58,23.17,23.62,-1.14,7.91,87.27,0.0,0.0,0.0,0.0
2026-01-20T15:36:37.794619,CLIMB,90.78,-4.58,23.17,23.62,-1.16,7.93,87.24,0.0,0.0,0.0,0.0
2026-01-20T15:36:37.895737,CLIMB,91.22,-4.58,23.17,23.62,-1.18,7.93,87.18,0.0,0.0,0.0,0.0
2026-01-20T15:36:37.996473,CLIMB,91.69,-4.58,23.17,23.62,-1.21,7.94,87.12,0.0,0.0,0.0,0.0
2026-01-20T15:36:38.097610,CLIMB,92.13,-4.57,23.16,23.61,-1.21,7.96,87.06,0.0,0.0,0.0,0.0
2026-01-20T15:36:38.197987,CLIMB,92.6,-4.56,23.17,23.62,-1.21,7.93,87.05,0.0,0.0,0.0,0.0
2026-01-20T15:36:38.298553,CLIMB,93.04,-4.56,23.16,23.61,-1.21,7.91,86.99,0.0,0.0,0.0,0.0
2026-01-20T15:36:38.399732,CLIMB,93.51,-4.56,23.16,23.61,-1.23,7.94,86.91,0.0,0.0,0.0,0.0
2026-01-20T15:36:38.500102,CLIMB,93.95,-4.56,23.16,23.61,-1.23,7.94,86.83,0.0,0.0,0.0,0.0
2026-01-20T15:36:38.601145,CLIMB,94.43,-4.55,23.16,23.6,-1.23,7.94,86.78,0.0,0.0,0.0,0.0
2026-01-20T15:36:38.701596,CLIMB,94.86,-4.55,23.16,23.6,-1.25,7.94,86.71,0.0,0.0,0.0,0.0
2026-01-20T15:36:38.802519,CLIMB,95.33,-4.55,23.16,23.6,-1.29,7.93,86.59,0.0,0.0,0.0,0.0
2026-01-20T15:36:38.903601,CLIMB,95.77,-4.54,23.16,23.6,-1.29,7.92,86.51,0.0,0.0,0.0,0.0
2026-01-20T15:36:39.004342,CLIMB,96.24,-4.54,23.16,23.6,-1.29,7.93,86.44,0.0,0.0,0.0,0.0
2026-01-20T15:36:39.104699,CLIMB,96.68,-4.54,23.16,23.6,-1.29,7.94,86.37,0.0,0.0,0.0,0.0
2026-01-20T15:36:39.205808,CLIMB,97.15,-4.53,23.16,23.6,-1.3,7.95,86.25,0.0,0.0,0.0,0.0
2026-01-20T15:36:39.306467,CLIMB,97.58,-4.53,23.15,23.59,-1.29,7.94,86.19,0.0,0.0,0.0,0.0
2026-01-20T15:36:39.407171,CLIMB,98.05,-4.53,23.15,23.59,-1.26,7.93,86.17,0.0,0.0,0.0,0.0
2026-01-20T15:36:39.507867,CLIMB,98.49,-4.52,23.15,23.59,-1.25,7.93,86.11,0.0,0.0,0.0,0.0
2026-01-20T15:36:39.608702,CLIMB,99.06,-4.52,23.15,23.59,-1.24,7.93,86.05,0.0,0.0,0.0,0.0
2026-01-20T15:36:39.709225,CLIMB,99.5,-4.53,23.15,23.59,-1.21,7.92,85.97,0.0,0.0,0.0,0.0
2026-01-20T15:36:39.809567,CLIMB,99.93,-4.52,23.14,23.58,-1.19,7.92,85.89,0.0,0.0,0.0,0.0
2026-01-20T15:36:39.910382,CLIMB,100.4,-4.52,23.15,23.59,-1.16,7.93,85.89,0.0,0.0,0.0,0.0
2026-01-20T15:36:40.011527,CLIMB,100.83,-4.52,23.15,23.59,-1.15,7.95,85.83,0.0,0.0,0.0,0.0
2026-01-20T15:36:40.111947,CLIMB,101.3,-4.51,23.14,23.58,-1.14,7.96,85.76,0.0,0.0,0.0,0.0
2026-01-20T15:36:40.212886,CLIMB,101.73,-4.51,23.14,23.58,-1.1,7.96,85.74,0.0,0.0,0.0,0.0
2026-01-20T15:36:40.313612,CLIMB,102.2,-4.5,23.14,23.57,-1.07,7.96,85.68,0.0,0.0,0.0,0.0
2026-01-20T15:36:40.414575,CLIMB,102.66,-4.5,23.14,23.57,-1.08,7.96,85.57,0.0,0.0,0.0,0.0
2026-01-20T15:36:40.515034,CLIMB,103.1,-4.5,23.13,23.56,-1.05,7.94,85.48,0.0,0.0,0.0,0.0
2026-01-20T15:36:40.615495,CLIMB,103.53,-4.5,23.13,23.56,-1.03,7.94,85.41,0.0,0.0,0.0,0.0
2026-01-20T15:36:40.715821,CLIMB,103.99,-4.5,23.12,23.55,-1.02,7.95,85.36,0.0,0.0,0.0,0.0
2026-01-20T15:36:40.816660,CLIMB,104.42,-4.5,23.12,23.55,-1.0,7.94,85.31,0.0,0.0,0.0,0.0
2026-01-20T15:36:40.916956,CLIMB,104.89,-4.5,23.12,23.55,-0.99,7.94,85.24,0.0,0.0,0.0,0.0
2026-01-20T15:36:41.017166,CLIMB,105.36,-4.5,23.11,23.54,-0.97,7.94,85.2,0.0,0.0,0.0,0.0
2026-01-20T15:36:41.117664,CLIMB,105.79,-4.5,23.11,23.54,-0.92,7.94,85.18,0.0,0.0,0.0,0.0
2026-01-20T15:36:41.218564,CLIMB,106.22,-4.5,23.11,23.54,-0.9,7.94,85.14,0.0,0.0,0.0,0.0
2026-01-20T15:36:41.319334,CLIMB,106.69,-4.5,23.12,23.55,-0.87,7.96,85.12,0.0,0.0,0.0,0.0
2026-01-20T15:36:41.420351,CLIMB,107.12,-4.49,23.12,23.55,-0.83,7.95,85.11,0.0,0.0,0.0,0.0
2026-01-20T15:36:41.521531,CLIMB,107.59,-4.49,23.11,23.54,-0.78,7.94,85.08,0.0,0.0,0.0,0.0
2026-01-20T15:36:41.622131,CLIMB,108.01,-4.48,23.12,23.55,-0.77,7.94,85.07,0.0,0.0,0.0,0.0
2026-01-20T15:36:41.722814,CLIMB,108.48,-4.48,23.11,23.54,-0.74,7.94,85.05,0.0,0.0,0.0,0.0
2026-01-20T15:36:41.823468,CLIMB,108.95,-4.48,23.11,23.54,-0.71,7.94,85.04,0.0,0.0,0.0,0.0
2026-01-20T15:36:41.924369,CLIMB,109.38,-4.48,23.11,23.54,-0.68,7.93,85.03,0.0,0.0,0.0,0.0
2026-01-20T15:36:42.025009,CLIMB,109.81,-4.49,23.11,23.54,-0.65,7.94,85.04,0.0,0.0,0.0,0.0
2026-01-20T15:36:42.126003,CLIMB,110.27,-4.49,23.11,23.54,-0.62,7.95,85.03,0.0,0.0,0.0,0.0
2026-01-20T15:36:42.226492,CLIMB,110.7,-4.49,23.11,23.54,-0.57,7.94,85.05,0.0,0.0,0.0,0.0
2026-01-20T15:36:42.327522,CLIMB,111.17,-4.49,23.11,23.54,-0.55,7.92,85.04,0.0,0.0,0.0,0.0
2026-01-20T15:36:42.428615,CLIMB,111.6,-4.49,23.11,23.54,-0.53,7.93,85.01,0.0,0.0,0.0,0.0
2026-01-20T15:36:42.529497,CLIMB,112.07,-4.49,23.11,23.54,-0.53,7.95,84.97,0.0,0.0,0.0,0.0
2026-01-20T15:36:42.630379,CLIMB,112.61,-4.49,23.1,23.53,-0.52,7.94,84.98,0.0,0.0,0.0,0.0
2026-01-20T15:36:42.731325,CLIMB,113.04,-4.49,23.11,23.54,-0.49,7.95,84.99,0.0,0.0,0.0,0.0
2026-01-20T15:36:42.832362,CLIMB,113.5,-4.49,23.11,23.54,-0.47,7.97,84.99,0.0,0.0,0.0,0.0
2026-01-20T15:36:42.932947,CLIMB,113.97,-4.48,23.11,23.54,-0.45,7.95,84.96,0.0,0.0,0.0,0.0
2026-01-20T15:36:43.033756,CLIMB,114.4,-4.49,23.11,23.54,-0.42,7.94,84.95,0.0,0.0,0.0,0.0
2026-01-20T15:36:43.134649,CLIMB,114.83,-4.49,23.11,23.54,-0.41,7.96,84.93,0.0,0.0,0.0,0.0
2026-01-20T15:36:43.235758,CLIMB,115.3,-4.5,23.1,23.53,-0.39,7.94,84.91,0.0,0.0,0.0,0.0
2026-01-20T15:36:43.336658,CLIMB,115.73,-4.5,23.1,23.53,-0.38,7.94,84.91,0.0,0.0,0.0,0.0
2026-01-20T15:36:43.437739,CLIMB,116.2,-4.5,23.09,23.52,-0.35,7.94,84.9,0.0,0.0,0.0,0.0
2026-01-20T15:36:43.538445,CLIMB,116.63,-4.5,23.1,23.53,-0.33,7.96,84.9,0.0,0.0,0.0,0.0
2026-01-20T15:36:43.639483,CLIMB,117.09,-4.5,23.1,23.53,-0.33,7.94,84.87,0.0,0.0,0.0,0.0
2026-01-20T15:36:43.740351,CLIMB,117.52,-4.49,23.11,23.54,-0.31,7.93,84.88,0.0,0.0,0.0,0.0
2026-01-20T15:36:43.840899,CLIMB,117.99,-4.5,23.1,23.53,-0.29,7.93,84.9,0.0,0.0,0.0,0.0
2026-01-20T15:36:43.941757,CLIMB,118.42,-4.5,23.1,23.53,-0.28,7.94,84.89,0.0,0.0,0.0,0.0
2026-01-20T15:36:44.042311,CLIMB,118.89,-4.51,23.11,23.55,-0.27,7.93,84.92,0.0,0.0,0.0,0.0
2026-01-20T15:36:44.143364,CLIMB,119.32,-4.51,23.11,23.55,-0.26,7.93,84.94,0.0,0.0,0.0,0.0
2026-01-20T15:36:44.244483,CLIMB,119.79,-4.51,23.11,23.55,-0.25,7.93,84.96,0.0,0.0,0.0,0.0
2026-01-20T15:36:44.345641,CLIMB,120.22,-4.51,23.11,23.55,-0.23,7.94,84.97,0.0,0.0,0.0,0.0
2026-01-20T15:36:44.446135,CLIMB,120.68,-4.5,23.11,23.54,-0.22,7.94,84.98,0.0,0.0,0.0,0.0
2026-01-20T15:36:44.546624,CLIMB,121.11,-4.5,23.12,23.55,-0.21,7.96,84.97,0.0,0.0,0.0,0.0
2026-01-20T15:36:44.647339,CLIMB,121.58,-4.49,23.12,23.55,-0.22,7.94,84.98,0.0,0.0,0.0,0.0
2026-01-20T15:36:44.748553,CLIMB,122.01,-4.5,23.12,23.55,-0.2,7.96,84.99,0.0,0.0,0.0,0.0
2026-01-20T15:36:44.849742,CLIMB,122.47,-4.5,23.11,23.54,-0.2,7.94,84.99,0.0,0.0,0.0,0.0
2026-01-20T15:36:44.950422,CLIMB,122.9,-4.5,23.11,23.54,-0.2,7.96,84.99,0.0,0.0,0.0,0.0
2026-01-20T15:36:45.051233,CLIMB,123.37,-4.5,23.11,23.54,-0.2,7.95,84.99,0.0,0.0,0.0,0.0
2026-01-20T15:36:45.151779,CLIMB,123.91,-4.5,23.11,23.54,-0.17,7.94,85.0,0.0,0.0,0.0,0.0
2026-01-20T15:36:45.252758,CLIMB,124.34,-4.5,23.11,23.54,-0.18,7.94,84.97,0.0,0.0,0.0,0.0
2026-01-20T15:36:45.353893,CLIMB,124.8,-4.49,23.12,23.55,-0.2,7.95,84.93,0.0,0.0,0.0,0.0
2026-01-20T15:36:45.454793,CLIMB,125.23,-4.49,23.12,23.55,-0.19,7.92,84.93,0.0,0.0,0.0,0.0
2026-01-20T15:36:45.555517,CLIMB,125.7,-4.5,23.11,23.54,-0.2,7.95,84.97,0.0,0.0,0.0,0.0
2026-01-20T15:36:45.656312,CLIMB,126.12,-4.5,23.11,23.54,-0.21,7.92,84.97,0.0,0.0,0.0,0.0
2026-01-20T15:36:45.757225,CLIMB,126.59,-4.5,23.11,23.54,-0.19,7.95,84.99,0.0,0.0,0.0,0.0
2026-01-20T15:36:45.857658,CLIMB,127.02,-4.5,23.11,23.54,-0.19,7.94,84.97,0.0,0.0,0.0,0.0
2026-01-20T15:36:45.958260,CLIMB,127.49,-4.51,23.11,23.55,-0.21,7.92,84.97,0.0,0.0,0.0,0.0
2026-01-20T15:36:46.059260,CLIMB,127.92,-4.52,23.11,23.55,-0.21,7.91,84.94,0.0,0.0,0.0,0.0
2026-01-20T15:36:46.160433,CLIMB,128.39,-4.53,23.11,23.55,-0.19,7.91,84.97,0.0,0.0,0.0,0.0
2026-01-20T15:36:46.261158,CLIMB,128.82,-4.53,23.1,23.54,-0.2,7.94,84.94,0.0,0.0,0.0,0.0
2026-01-20T15:36:46.362382,CLIMB,129.29,-4.53,23.1,23.54,-0.19,7.93,84.94,0.0,0.0,0.0,0.0
2026-01-20T15:36:46.463001,CLIMB,129.72,-4.53,23.1,23.54,-0.18,7.94,84.95,0.0,0.0,0.0,0.0
2026-01-20T15:36:46.563968,CLIMB,130.19,-4.53,23.1,23.54,-0.17,7.93,84.97,0.0,0.0,0.0,0.0
2026-01-20T15:36:46.665152,CLIMB,130.62,-4.53,23.1,23.54,-0.2,7.93,84.95,0.0,0.0,0.0,0.0
2026-01-20T15:36:46.766137,CLIMB,131.09,-4.53,23.1,23.54,-0.22,7.93,84.93,0.0,0.0,0.0,0.0
2026-01-20T15:36:46.867196,CLIMB,131.52,-4.53,23.11,23.55,-0.23,7.92,84.93,0.0,0.0,0.0,0.0
2026-01-20T15:36:46.968362,CLIMB,131.99,-4.53,23.11,23.55,-0.25,7.93,84.92,0.0,0.0,0.0,0.0
2026-01-20T15:36:47.069399,CLIMB,132.43,-4.53,23.11,23.55,-0.26,7.91,84.91,0.0,0.0,0.0,0.0
2026-01-20T15:36:47.170591,CLIMB,132.9,-4.53,23.11,23.55,-0.25,7.91,84.92,0.0,0.0,0.0,0.0
2026-01-20T15:36:47.271590,CLIMB,133.33,-4.54,23.11,23.55,-0.25,7.91,84.92,0.0,0.0,0.0,0.0
2026-01-20T15:36:47.372205,CLIMB,133.8,-4.54,23.12,23.56,-0.27,7.91,84.89,0.0,0.0,0.0,0.0
2026-01-20T15:36:47.473261,CLIMB,134.34,-4.55,23.12,23.56,-0.28,7.92,84.91,0.0,0.0,0.0,0.0
2026-01-20T15:36:47.574443,CLIMB,134.81,-4.55,23.12,23.56,-0.28,7.92,84.92,0.0,0.0,0.0,0.0
2026-01-20T15:36:47.675387,CLIMB,135.25,-4.55,23.12,23.56,-0.28,7.94,84.93,0.0,0.0,0.0,0.0
2026-01-20T15:36:47.776428,CLIMB,135.68,-4.55,23.12,23.56,-0.27,7.93,84.93,0.0,0.0,0.0,0.0
2026-01-20T15:36:47.877675,CLIMB,136.15,-4.55,23.12,23.56,-0.27,7.93,84.91,0.0,0.0,0.0,0.0
2026-01-20T15:36:47.978123,CLIMB,136.59,-4.55,23.12,23.56,-0.29,7.94,84.91,0.0,0.0,0.0,0.0
2026-01-20T15:36:48.079361,CLIMB,137.06,-4.56,23.11,23.56,-0.28,7.94,84.88,0.0,0.0,0.0,0.0
2026-01-20T15:36:48.180479,CLIMB,137.49,-4.56,23.12,23.57,-0.27,7.94,84.88,0.0,0.0,0.0,0.0
2026-01-20T15:36:48.281558,CLIMB,137.97,-4.56,23.12,23.57,-0.27,7.95,84.87,0.0,0.0,0.0,0.0
2026-01-20T15:36:48.381883,CLIMB,138.4,-4.55,23.12,23.56,-0.26,7.95,84.87,0.0,0.0,0.0,0.0
2026-01-20T15:36:48.482648,CLIMB,138.87,-4.56,23.12,23.57,-0.27,7.92,84.87,0.0,0.0,0.0,0.0
2026-01-20T15:36:48.583293,CLIMB,139.31,-4.56,23.12,23.57,-0.26,7.94,84.89,0.0,0.0,0.0,0.0
2026-01-20T15:36:48.683589,CLIMB,139.78,-4.57,23.12,23.57,-0.24,7.96,84.91,0.0,0.0,0.0,0.0
2026-01-20T15:36:48.784396,CLIMB,140.25,-4.56,23.12,23.57,-0.25,7.95,84.9,0.0,0.0,0.0,0.0
2026-01-20T15:36:48.884806,CLIMB,140.69,-4.56,23.12,23.57,-0.23,7.95,84.91,0.0,0.0,0.0,0.0
2026-01-20T15:36:48.985124,CLIMB,141.12,-4.56,23.13,23.58,-0.23,7.96,84.89,0.0,0.0,0.0,0.0
2026-01-20T15:36:49.086348,CLIMB,141.6,-4.55,23.13,23.57,-0.22,7.96,84.88,0.0,0.0,0.0,0.0
2026-01-20T15:36:49.187175,CLIMB,142.03,-4.55,23.14,23.58,-0.22,7.95,84.86,0.0,0.0,0.0,0.0
2026-01-20T15:36:49.287978,CLIMB,142.5,-4.55,23.14,23.58,-0.22,7.96,84.88,0.0,0.0,0.0,0.0
2026-01-20T15:36:49.388920,CLIMB,142.94,-4.55,23.14,23.58,-0.19,7.97,84.87,0.0,0.0,0.0,0.0
2026-01-20T15:36:49.489797,CLIMB,143.41,-4.54,23.14,23.58,-0.22,7.96,84.87,0.0,0.0,0.0,0.0
2026-01-20T15:36:49.590700,CLIMB,143.84,-4.55,23.14,23.58,-0.21,7.97,84.87,0.0,0.0,0.0,0.0
2026-01-20T15:36:49.691704,CLIMB,144.31,-4.55,23.14,23.58,-0.2,7.98,84.86,0.0,0.0,0.0,0.0
2026-01-20T15:36:49.792784,CLIMB,144.75,-4.54,23.14,23.58,-0.18,7.96,84.85,0.0,0.0,0.0,0.0
2026-01-20T15:36:49.893074,CLIMB,145.22,-4.55,23.14,23.58,-0.17,7.96,84.84,0.0,0.0,0.0,0.0
2026-01-20T15:36:49.994141,CLIMB,145.65,-4.55,23.14,23.58,-0.17,7.96,84.84,0.0,0.0,0.0,0.0
2026-01-20T15:36:50.094541,CLIMB,146.12,-4.55,23.14,23.58,-0.18,7.94,84.8,0.0,0.0,0.0,0.0
2026-01-20T15:36:50.195044,CLIMB,146.67,-4.56,23.14,23.59,-0.15,7.93,84.81,0.0,0.0,0.0,0.0
2026-01-20T15:36:50.296147,CLIMB,147.1,-4.56,23.14,23.59,-0.15,7.94,84.8,0.0,0.0,0.0,0.0
2026-01-20T15:36:50.397323,CLIMB,147.57,-4.56,23.14,23.59,-0.14,7.94,84.78,0.0,0.0,0.0,0.0
2026-01-20T15:36:50.497895,CLIMB,148.01,-4.56,23.14,23.59,-0.15,7.96,84.78,0.0,0.0,0.0,0.0
2026-01-20T15:36:50.598476,CLIMB,148.48,-4.56,23.14,23.59,-0.12,7.96,84.79,0.0,0.0,0.0,0.0
2026-01-20T15:36:50.699394,CLIMB,148.91,-4.57,23.15,23.6,-0.1,7.97,84.8,0.0,0.0,0.0,0.0
2026-01-20T15:36:50.800613,CLIMB,149.39,-4.57,23.14,23.59,-0.08,7.96,84.79,0.0,0.0,0.0,0.0
2026-01-20T15:36:50.901798,CLIMB,149.82,-4.56,23.15,23.6,-0.08,7.97,84.79,0.0,0.0,0.0,0.0
2026-01-20T15:36:51.002667,CLIMB,150.3,-4.56,23.14,23.59,-0.08,7.95,84.8,0.0,0.0,0.0,0.0
2026-01-20T15:36:51.103322,CLIMB,150.73,-4.57,23.15,23.6,-0.08,7.95,84.82,0.0,0.0,0.0,0.0
2026-01-20T15:36:51.204618,CLIMB,151.21,-4.57,23.15,23.6,-0.09,7.98,84.81,0.0,0.0,0.0,0.0
2026-01-20T15:36:51.305818,CLIMB,151.64,-4.57,23.15,23.6,-0.1,7.97,84.79,0.0,0.0,0.0,0.0
2026-01-20T15:36:51.406867,CLIMB,152.12,-4.57,23.15,23.6,-0.11,7.98,84.76,0.0,0.0,0.0,0.0
2026-01-20T15:36:51.507179,CLIMB,152.55,-4.57,23.15,23.6,-0.12,7.96,84.76,0.0,0.0,0.0,0.0
2026-01-20T15:36:51.608262,CLIMB,153.02,-4.57,23.15,23.6,-0.12,7.96,84.73,0.0,0.0,0.0,0.0
2026-01-20T15:36:51.709242,CLIMB,153.46,-4.57,23.15,23.6,-0.14,7.96,84.71,0.0,0.0,0.0,0.0
2026-01-20T15:36:51.810477,CLIMB,153.93,-4.57,23.15,23.6,-0.14,7.95,84.73,0.0,0.0,0.0,0.0
2026-01-20T15:36:51.911239,CLIMB,154.37,-4.57,23.15,23.6,-0.13,7.96,84.74,0.0,0.0,0.0,0.0
2026-01-20T15:36:52.012035,CLIMB,154.84,-4.57,23.15,23.6,-0.13,7.97,84.77,0.0,0.0,0.0,0.0
2026-01-20T15:36:52.112607,CLIMB,155.28,-4.57,23.15,23.6,-0.13,7.96,84.78,0.0,0.0,0.0,0.0
2026-01-20T15:36:52.213566,CLIMB,155.75,-4.57,23.15,23.6,-0.13,7.96,84.77,0.0,0.0,0.0,0.0
2026-01-20T15:36:52.314255,CLIMB,156.19,-4.58,23.15,23.6,-0.14,7.97,84.77,0.0,0.0,0.0,0.0
2026-01-20T15:36:52.415467,CLIMB,156.66,-4.57,23.14,23.59,-0.15,7.96,84.73,0.0,0.0,0.0,0.0
2026-01-20T15:36:52.515847,CLIMB,157.1,-4.57,23.14,23.59,-0.15,7.97,84.72,0.0,0.0,0.0,0.0
2026-01-20T15:36:52.616404,CLIMB,157.57,-4.57,23.14,23.59,-0.17,7.97,84.73,0.0,0.0,0.0,0.0
2026-01-20T15:36:52.717787,CLIMB,158.12,-4.57,23.14,23.59,-0.16,7.97,84.74,0.0,0.0,0.0,0.0
2026-01-20T15:36:52.818592,CLIMB,158.55,-4.57,23.14,23.59,-0.18,7.98,84.73,0.0,0.0,0.0,0.0
2026-01-20T15:36:52.919064,CLIMB,159.03,-4.57,23.14,23.59,-0.17,7.96,84.76,0.0,0.0,0.0,0.0
2026-01-20T15:36:53.019526,CLIMB,159.46,-4.58,23.14,23.59,-0.17,7.95,84.75,0.0,0.0,0.0,0.0
2026-01-20T15:36:53.120685,CLIMB,159.94,-4.58,23.14,23.59,-0.2,7.96,84.73,0.0,0.0,0.0,0.0
2026-01-20T15:36:53.221602,CLIMB,160.41,-4.58,23.14,23.59,-0.22,7.96,84.71,0.0,0.0,0.0,0.0
2026-01-20T15:36:53.322696,CLIMB,160.85,-4.58,23.15,23.6,-0.21,7.97,84.7,0.0,0.0,0.0,0.0
2026-01-20T15:36:53.423777,CLIMB,161.29,-4.57,23.15,23.6,-0.2,7.99,84.7,0.0,0.0,0.0,0.0
2026-01-20T15:36:53.524717,CLIMB,161.76,-4.56,23.15,23.6,-0.19,7.98,84.68,0.0,0.0,0.0,0.0
2026-01-20T15:36:53.625475,CLIMB,162.19,-4.56,23.15,23.6,-0.21,7.97,84.64,0.0,0.0,0.0,0.0
2026-01-20T15:36:53.726315,CLIMB,162.67,-4.56,23.15,23.6,-0.21,7.97,84.61,0.0,0.0,0.0,0.0
2026-01-20T15:36:53.826880,CLIMB,163.14,-4.56,23.15,23.6,-0.24,7.97,84.58,0.0,0.0,0.0,0.0
2026-01-20T15:36:53.927862,CLIMB,163.57,-4.56,23.15,23.6,-0.23,7.98,84.55,0.0,0.0,0.0,0.0
2026-01-20T15:36:54.028474,CLIMB,164.01,-4.56,23.15,23.6,-0.24,7.97,84.53,0.0,0.0,0.0,0.0
2026-01-20T15:36:54.128999,CLIMB,164.48,-4.56,23.15,23.6,-0.25,7.98,84.52,0.0,0.0,0.0,0.0
2026-01-20T15:36:54.229676,CLIMB,164.92,-4.55,23.16,23.6,-0.25,7.97,84.49,0.0,0.0,0.0,0.0
2026-01-20T15:36:54.330439,CLIMB,165.39,-4.55,23.16,23.6,-0.25,7.97,84.48,0.0,0.0,0.0,0.0
2026-01-20T15:36:54.431694,CLIMB,165.83,-4.55,23.15,23.59,-0.27,7.97,84.43,0.0,0.0,0.0,0.0
2026-01-20T15:36:54.532422,CLIMB,166.3,-4.55,23.15,23.59,-0.28,7.97,84.41,0.0,0.0,0.0,0.0
2026-01-20T15:36:54.633565,CLIMB,166.74,-4.56,23.15,23.6,-0.29,7.98,84.4,0.0,0.0,0.0,0.0
2026-01-20T15:36:54.734429,CLIMB,167.21,-4.55,23.15,23.59,-0.29,7.96,84.4,0.0,0.0,0.0,0.0
2026-01-20T15:36:54.835519,CLIMB,167.64,-4.55,23.14,23.58,-0.29,7.95,84.38,0.0,0.0,0.0,0.0
2026-01-20T15:36:54.936322,CLIMB,168.12,-4.56,23.14,23.59,-0.3,7.96,84.34,0.0,0.0,0.0,0.0
2026-01-20T15:36:55.036839,CLIMB,168.56,-4.57,23.14,23.59,-0.31,7.95,84.34,0.0,0.0,0.0,0.0
2026-01-20T15:36:55.137758,CLIMB,169.1,-4.58,23.14,23.59,-0.3,7.95,84.36,0.0,0.0,0.0,0.0
2026-01-20T15:36:55.238805,CLIMB,169.58,-4.58,23.13,23.58,-0.31,7.97,84.33,0.0,0.0,0.0,0.0
2026-01-20T15:36:55.339515,CLIMB,170.02,-4.58,23.13,23.58,-0.29,7.95,84.34,0.0,0.0,0.0,0.0
2026-01-20T15:36:55.439968,CLIMB,170.49,-4.59,23.13,23.58,-0.26,7.97,84.35,0.0,0.0,0.0,0.0
2026-01-20T15:36:55.540754,CLIMB,170.93,-4.59,23.13,23.58,-0.27,7.99,84.3,0.0,0.0,0.0,0.0
2026-01-20T15:36:55.641427,CLIMB,171.41,-4.59,23.13,23.58,-0.28,7.96,84.26,0.0,0.0,0.0,0.0
2026-01-20T15:36:55.742647,CLIMB,171.85,-4.6,23.13,23.58,-0.28,7.98,84.27,0.0,0.0,0.0,0.0
2026-01-20T15:36:55.842967,CLIMB,172.32,-4.6,23.13,23.58,-0.27,7.97,84.26,0.0,0.0,0.0,0.0
2026-01-20T15:36:55.944092,CLIMB,172.76,-4.6,23.13,23.58,-0.26,7.98,84.23,0.0,0.0,0.0,0.0
2026-01-20T15:36:56.045070,CLIMB,173.24,-4.6,23.13,23.58,-0.25,7.97,84.23,0.0,0.0,0.0,0.0
2026-01-20T15:36:56.145550,CLIMB,173.68,-4.6,23.13,23.58,-0.25,7.96,84.21,0.0,0.0,0.0,0.0
2026-01-20T15:36:56.246004,CLIMB,174.16,-4.61,23.13,23.59,-0.26,7.99,84.22,0.0,0.0,0.0,0.0
2026-01-20T15:36:56.346301,CLIMB,174.6,-4.6,23.14,23.59,-0.23,7.98,84.25,0.0,0.0,0.0,0.0
2026-01-20T15:36:56.446691,CLIMB,175.08,-4.61,23.14,23.6,-0.24,7.98,84.26,0.0,0.0,0.0,0.0
2026-01-20T15:36:56.547341,CLIMB,175.52,-4.61,23.14,23.6,-0.25,7.98,84.26,0.0,0.0,0.0,0.0
2026-01-20T15:36:56.648370,CLIMB,176.0,-4.61,23.14,23.6,-0.22,7.98,84.28,0.0,0.0,0.0,0.0
2026-01-20T15:36:56.748816,CLIMB,176.44,-4.62,23.14,23.6,-0.21,7.99,84.28,0.0,0.0,0.0,0.0
2026-01-20T15:36:56.849408,CLIMB,176.91,-4.62,23.14,23.6,-0.19,7.98,84.24,0.0,0.0,0.0,0.0
2026-01-20T15:36:56.950225,CLIMB,177.36,-4.62,23.15,23.61,-0.21,7.98,84.21,0.0,0.0,0.0,0.0
2026-01-20T15:36:57.051341,CLIMB,177.84,-4.62,23.15,23.61,-0.19,7.97,84.23,0.0,0.0,0.0,0.0
2026-01-20T15:36:57.152629,CLIMB,178.28,-4.62,23.15,23.61,-0.2,7.97,84.23,0.0,0.0,0.0,0.0
2026-01-20T15:36:57.253460,CLIMB,178.76,-4.62,23.15,23.61,-0.19,7.98,84.22,0.0,0.0,0.0,0.0
2026-01-20T15:36:57.354096,CLIMB,179.2,-4.62,23.15,23.61,-0.19,7.99,84.21,0.0,0.0,0.0,0.0
2026-01-20T15:36:57.454539,CLIMB,179.68,-4.62,23.15,23.61,-0.19,7.97,84.23,0.0,0.0,0.0,0.0
2026-01-20T15:36:57.555491,CLIMB,180.12,-4.63,23.15,23.61,-0.19,8.01,84.22,0.0,0.0,0.0,0.0
2026-01-20T15:36:57.656356,CLIMB,180.6,-4.62,23.15,23.61,-0.2,7.99,84.18,0.0,0.0,0.0,0.0
2026-01-20T15:36:57.757355,CLIMB,181.04,-4.61,23.16,23.62,-0.21,7.98,84.16,0.0,0.0,0.0,0.0
2026-01-20T15:36:57.857881,CLIMB,181.52,-4.62,23.16,23.62,-0.22,8.0,84.18,0.0,0.0,0.0,0.0
2026-01-20T15:36:57.958300,CLIMB,181.96,-4.61,23.16,23.62,-0.2,7.99,84.18,0.0,0.0,0.0,0.0
2026-01-20T15:36:58.059628,CLIMB,182.51,-4.61,23.17,23.63,-0.21,7.97,84.15,0.0,0.0,0.0,0.0
2026-01-20T15:36:58.160211,CLIMB,182.99,-4.62,23.16,23.62,-0.22,7.97,84.14,0.0,0.0,0.0,0.0
2026-01-20T15:36:58.260433,CLIMB,183.47,-4.62,23.16,23.62,-0.21,7.96,84.13,0.0,0.0,0.0,0.0
2026-01-20T15:36:58.361705,CLIMB,183.91,-4.62,23.16,23.62,-0.22,7.95,84.13,0.0,0.0,0.0,0.0
2026-01-20T15:36:58.462672,CLIMB,184.36,-4.63,23.16,23.62,-0.23,7.98,84.13,0.0,0.0,0.0,0.0
2026-01-20T15:36:58.563734,CLIMB,184.84,-4.63,23.16,23.62,-0.25,7.96,84.14,0.0,0.0,0.0,0.0
2026-01-20T15:36:58.664420,CLIMB,185.28,-4.63,23.16,23.62,-0.25,7.99,84.14,0.0,0.0,0.0,0.0
2026-01-20T15:36:58.765716,CLIMB,185.76,-4.63,23.17,23.63,-0.26,7.98,84.13,0.0,0.0,0.0,0.0
2026-01-20T15:36:58.866403,CLIMB,186.2,-4.63,23.17,23.63,-0.27,7.98,84.14,0.0,0.0,0.0,0.0
2026-01-20T15:36:58.967595,CLIMB,186.68,-4.63,23.17,23.63,-0.29,7.97,84.11,0.0,0.0,0.0,0.0
2026-01-20T15:36:59.068164,CLIMB,187.13,-4.64,23.16,23.62,-0.29,7.96,84.12,0.0,0.0,0.0,0.0
2026-01-20T15:36:59.168585,CLIMB,187.61,-4.64,23.16,23.62,-0.31,7.97,84.13,0.0,0.0,0.0,0.0
2026-01-20T15:36:59.269750,CLIMB,188.05,-4.65,23.16,23.62,-0.3,7.97,84.13,0.0,0.0,0.0,0.0
2026-01-20T15:36:59.370587,CLIMB,188.53,-4.65,23.16,23.62,-0.33,7.97,84.13,0.0,0.0,0.0,0.0
2026-01-20T15:36:59.471676,CLIMB,188.98,-4.65,23.16,23.62,-0.31,7.96,84.14,0.0,0.0,0.0,0.0
2026-01-20T15:36:59.572798,CLIMB,189.46,-4.66,23.16,23.63,-0.31,7.96,84.14,0.0,0.0,0.0,0.0
2026-01-20T15:36:59.673597,CLIMB,189.9,-4.66,23.16,23.63,-0.32,7.99,84.13,0.0,0.0,0.0,0.0
2026-01-20T15:36:59.774403,CLIMB,190.39,-4.65,23.16,23.62,-0.32,7.98,84.09,0.0,0.0,0.0,0.0
2026-01-20T15:36:59.784331,LOITER,190.46,-4.65,23.16,23.62,-0.32,7.98,84.09,0.0,0.0,0.0,0.0
2026-01-20T15:36:59.885364,LOITER,190.94,-4.65,23.16,23.62,-0.33,7.98,84.1,0.1,0.0,0.0,0.0
2026-01-20T15:36:59.987466,LOITER,191.39,-4.65,23.16,23.62,-0.34,7.98,84.07,0.2,0.0,0.0,0.0
2026-01-20T15:37:00.089576,LOITER,191.87,-4.66,23.16,23.63,-0.35,7.98,84.06,0.31,0.0,0.0,0.0
2026-01-20T15:37:00.191709,LOITER,192.32,-4.66,23.16,23.63,-0.37,7.98,84.04,0.41,0.0,0.0,0.0
2026-01-20T15:37:00.293661,LOITER,192.8,-4.66,23.16,23.63,-0.36,7.98,84.02,0.51,0.0,0.0,0.0
2026-01-20T15:37:00.395652,LOITER,193.24,-4.66,23.16,23.63,-0.37,8.0,84.0,0.61,0.0,0.0,0.0
2026-01-20T15:37:00.497387,LOITER,193.72,-4.66,23.17,23.64,-0.37,7.99,84.01,0.71,0.0,0.0,0.0
2026-01-20T15:37:00.599303,LOITER,194.17,-4.65,23.17,23.63,-0.37,7.98,84.01,0.81,0.0,0.0,0.0
2026-01-20T15:37:00.701430,LOITER,194.72,-4.66,23.17,23.64,-0.38,7.98,83.99,0.92,0.0,0.0,0.0
2026-01-20T15:37:00.803590,LOITER,195.21,-4.66,23.17,23.64,-0.41,7.97,83.97,1.02,0.0,0.0,0.0
2026-01-20T15:37:00.905444,LOITER,195.65,-4.66,23.17,23.63,-0.4,8.0,83.96,1.12,0.0,0.0,0.0
2026-01-20T15:37:01.006767,LOITER,196.14,-4.65,23.18,23.64,-0.4,7.99,83.94,1.22,0.0,0.0,0.0
2026-01-20T15:37:01.108777,LOITER,196.58,-4.66,23.17,23.63,-0.39,7.98,83.94,1.32,0.0,0.0,0.0
2026-01-20T15:37:01.210713,LOITER,197.06,-4.66,23.18,23.64,-0.39,7.97,83.91,1.43,0.0,0.0,0.0
2026-01-20T15:37:01.312795,LOITER,197.51,-4.66,23.17,23.63,-0.4,7.97,83.9,1.53,0.0,0.0,0.0
2026-01-20T15:37:01.414428,LOITER,197.99,-4.66,23.18,23.64,-0.4,7.99,83.86,1.63,0.0,0.0,0.0
2026-01-20T15:37:01.516344,LOITER,198.44,-4.66,23.18,23.64,-0.39,7.99,83.85,1.73,0.0,0.0,0.0
2026-01-20T15:37:01.619078,LOITER,198.92,-4.66,23.18,23.64,-0.4,7.99,83.81,1.83,0.0,0.0,0.0
2026-01-20T15:37:01.721517,LOITER,199.48,-4.65,23.18,23.64,-0.38,7.99,83.75,1.94,0.0,0.0,0.0
2026-01-20T15:37:01.823576,LOITER,199.92,-4.66,23.18,23.64,-0.37,8.0,83.73,2.04,0.0,0.0,0.0
2026-01-20T15:37:01.925370,LOITER,200.41,-4.66,23.19,23.65,-0.36,7.99,83.69,2.14,0.0,0.0,0.0
2026-01-20T15:37:02.027047,LOITER,200.85,-4.65,23.19,23.65,-0.38,7.99,83.66,2.24,0.0,0.0,0.0
2026-01-20T15:37:02.129183,LOITER,201.34,-4.65,23.19,23.65,-0.39,7.99,83.63,2.34,0.0,0.0,0.0
2026-01-20T15:37:02.230996,LOITER,201.82,-4.64,23.19,23.65,-0.4,7.99,83.6,2.45,0.0,0.0,0.0
2026-01-20T15:37:02.332028,LOITER,202.26,-4.64,23.19,23.65,-0.41,8.0,83.6,2.55,0.0,0.0,0.0
2026-01-20T15:37:02.434082,LOITER,202.71,-4.63,23.2,23.66,-0.42,8.01,83.57,2.65,0.0,0.0,0.0
2026-01-20T15:37:02.535501,LOITER,203.19,-4.63,23.2,23.66,-0.42,8.01,83.55,2.75,0.0,0.0,0.0
2026-01-20T15:37:02.637306,LOITER,203.63,-4.62,23.2,23.66,-0.44,7.99,83.53,2.85,0.0,0.0,0.0
2026-01-20T15:37:02.739649,LOITER,204.11,-4.63,23.19,23.65,-0.46,7.99,83.52,2.96,0.0,0.0,0.0
2026-01-20T15:37:02.841546,LOITER,204.55,-4.63,23.19,23.65,-0.46,8.0,83.45,3.06,0.0,0.0,0.0
2026-01-20T15:37:02.943111,LOITER,205.11,-4.64,23.18,23.64,-0.48,8.0,83.39,3.16,0.0,0.0,0.0
2026-01-20T15:37:03.044043,LOITER,205.59,-4.63,23.18,23.64,-0.49,7.99,83.38,3.26,0.0,0.0,0.0
2026-01-20T15:37:03.145573,LOITER,206.04,-4.63,23.18,23.64,-0.5,7.98,83.34,3.36,0.0,0.0,0.0
2026-01-20T15:37:03.246635,LOITER,206.52,-4.63,23.18,23.64,-0.52,7.99,83.29,3.46,0.0,0.0,0.0
2026-01-20T15:37:03.348182,LOITER,206.96,-4.64,23.18,23.64,-0.53,7.99,83.28,3.56,0.0,0.0,0.0
2026-01-20T15:37:03.450047,LOITER,207.44,-4.64,23.18,23.64,-0.52,8.0,83.29,3.67,0.0,0.0,0.0
2026-01-20T15:37:03.552501,LOITER,207.89,-4.63,23.18,23.64,-0.53,8.01,83.22,3.77,0.0,0.0,0.0
2026-01-20T15:37:03.654559,LOITER,208.37,-4.63,23.18,23.64,-0.54,8.0,83.14,3.87,0.0,0.0,0.0
2026-01-20T15:37:03.756449,LOITER,208.81,-4.63,23.18,23.64,-0.55,7.99,83.09,3.97,0.0,0.0,0.0
2026-01-20T15:37:03.858440,LOITER,209.29,-4.63,23.18,23.64,-0.55,8.0,83.07,4.07,0.0,0.0,0.0
2026-01-20T15:37:03.960285,LOITER,209.77,-4.64,23.18,23.64,-0.54,7.98,83.03,4.18,0.0,0.0,0.0
2026-01-20T15:37:04.061644,LOITER,210.22,-4.65,23.18,23.64,-0.53,7.98,83.01,4.28,0.0,0.0,0.0
2026-01-20T15:37:04.163640,LOITER,210.77,-4.65,23.17,23.63,-0.53,7.99,82.99,4.38,0.0,0.0,0.0
2026-01-20T15:37:04.265746,LOITER,211.22,-4.65,23.17,23.63,-0.53,8.0,82.96,4.48,0.0,0.0,0.0
2026-01-20T15:37:04.368223,LOITER,211.7,-4.65,23.18,23.64,-0.52,7.99,82.94,4.58,0.0,0.0,0.0
2026-01-20T15:37:04.470268,LOITER,212.15,-4.65,23.18,23.64,-0.49,7.99,82.9,4.69,0.0,0.0,0.0
2026-01-20T15:37:04.572420,LOITER,212.63,-4.65,23.18,23.64,-0.49,7.99,82.86,4.79,0.0,0.0,0.0
2026-01-20T15:37:04.674595,LOITER,213.07,-4.65,23.18,23.64,-0.51,8.0,82.83,4.89,0.0,0.0,0.0
2026-01-20T15:37:04.776573,LOITER,213.56,-4.65,23.18,23.64,-0.51,8.0,82.83,4.99,0.0,0.0,0.0
2026-01-20T15:37:04.879592,LOITER,214.0,-4.65,23.19,23.65,-0.5,7.99,82.8,5.1,0.0,0.0,0.0
2026-01-20T15:37:05.404809,DIVE,216.37,-3.73,21.34,21.67,15.39,5.96,85.83,0.0,428.01,0.0,0.0
2026-01-20T15:37:05.506597,DIVE,216.71,-3.31,20.85,21.11,19.71,4.97,86.3,0.0,428.01,-0.34,0.1
2026-01-20T15:37:05.608431,DIVE,217.0,-2.04,21.11,21.21,16.46,1.44,87.06,0.0,428.01,-0.63,0.2
2026-01-20T15:37:05.710612,DIVE,217.12,-0.33,21.41,21.41,14.09,-3.57,88.39,0.0,428.01,-0.75,0.31
2026-01-20T15:37:05.813322,DIVE,217.06,1.51,21.64,21.7,11.68,-8.83,89.8,0.0,428.01,-0.69,0.41
2026-01-20T15:37:05.915049,DIVE,216.87,2.98,21.8,22.01,9.88,-12.51,90.23,0.0,428.01,-0.5,0.51
2026-01-20T15:37:06.016231,DIVE,216.54,4.32,21.95,22.38,8.46,-15.38,89.82,0.0,428.01,-0.17,0.61
2026-01-20T15:37:06.118408,DIVE,216.1,5.37,22.11,22.75,7.35,-17.71,88.84,0.0,428.01,0.27,0.71
2026-01-20T15:37:06.220398,DIVE,215.51,6.34,22.26,23.15,6.24,-19.81,87.99,0.0,428.01,0.86,0.82
2026-01-20T15:37:06.322438,DIVE,214.9,7.07,22.42,23.51,5.19,-21.36,87.86,0.0,428.01,1.47,0.92
2026-01-20T15:37:06.424683,DIVE,214.07,7.76,22.61,23.91,4.18,-22.54,88.15,0.0,428.01,2.3,1.02
2026-01-20T15:37:06.526933,DIVE,213.27,8.23,22.79,24.23,3.27,-23.44,88.48,0.0,428.01,3.1,1.12
2026-01-20T15:37:06.628919,DIVE,212.42,8.58,22.97,24.52,2.5,-24.07,88.75,0.0,428.01,3.96,1.22
2026-01-20T15:37:06.730450,DIVE,211.62,8.82,23.12,24.74,1.8,-24.51,89.17,0.0,428.01,4.76,1.33
2026-01-20T15:37:06.832804,DIVE,210.79,8.99,23.26,24.94,1.15,-24.78,89.67,0.0,428.01,5.58,1.43
2026-01-20T15:37:06.935013,DIVE,209.87,9.11,23.42,25.13,0.59,-24.96,90.16,0.0,428.01,6.5,1.53
2026-01-20T15:37:07.036472,DIVE,209.0,9.2,23.57,25.3,0.19,-25.02,90.46,0.0,428.01,7.37,1.63
2026-01-20T15:37:07.138362,DIVE,208.07,9.28,23.73,25.48,-0.08,-25.03,90.69,0.0,428.01,8.3,1.73
2026-01-20T15:37:07.240707,DIVE,207.12,9.33,23.9,25.65,-0.33,-25.01,90.89,0.0,428.01,9.25,1.84
2026-01-20T15:37:07.342548,DIVE,206.24,9.38,24.06,25.82,-0.49,-24.98,91.03,0.0,428.01,10.14,1.94
2026-01-20T15:37:07.444784,DIVE,205.27,9.42,24.24,26.0,-0.62,-24.92,91.13,0.0,428.01,11.11,2.04
2026-01-20T15:37:07.546438,DIVE,204.23,9.45,24.42,26.18,-0.73,-24.85,91.25,0.0,428.01,12.14,2.14
2026-01-20T15:37:07.648572,DIVE,203.26,9.47,24.59,26.35,-0.8,-24.77,91.32,0.0,428.01,13.11,2.24
2026-01-20T15:37:07.751297,DIVE,202.35,9.49,24.75,26.5,-0.8,-24.69,91.34,0.0,428.01,14.02,2.35
2026-01-20T15:37:07.852775,DIVE,201.37,9.5,24.93,26.68,-0.82,-24.6,91.37,0.0,428.01,15.01,2.45
2026-01-20T15:37:07.954566,DIVE,200.47,9.52,25.08,26.82,-0.86,-24.5,91.41,0.0,428.01,15.91,2.55
2026-01-20T15:37:08.055879,DIVE,199.48,9.54,25.25,26.99,-0.87,-24.39,91.43,0.0,428.01,16.89,2.65
2026-01-20T15:37:08.157483,DIVE,198.57,9.56,25.4,27.14,-0.86,-24.31,91.46,0.0,428.01,17.8,2.75
2026-01-20T15:37:08.258823,DIVE,197.57,9.57,25.56,27.29,-0.83,-24.23,91.48,0.0,428.01,18.8,2.85
2026-01-20T15:37:08.360349,DIVE,196.66,9.59,25.71,27.44,-0.82,-24.14,91.49,0.0,428.01,19.71,2.96
2026-01-20T15:37:08.462367,DIVE,195.66,9.62,25.87,27.6,-0.78,-24.06,91.48,0.0,428.01,20.71,3.06
2026-01-20T15:37:08.564338,DIVE,194.74,9.63,26.01,27.73,-0.75,-23.97,91.49,0.0,428.01,21.63,3.16
2026-01-20T15:37:08.666595,DIVE,193.58,9.66,26.2,27.92,-0.69,-23.87,91.48,0.0,428.01,22.79,3.26
2026-01-20T15:37:08.768618,DIVE,192.58,9.69,26.34,28.06,-0.67,-23.81,91.5,0.0,428.01,23.8,3.36
2026-01-20T15:37:08.870606,DIVE,191.64,9.71,26.48,28.2,-0.63,-23.74,91.5,0.0,428.01,24.73,3.47
2026-01-20T15:37:08.972411,DIVE,190.63,9.73,26.62,28.34,-0.63,-23.69,91.5,0.0,428.01,25.74,3.57
2026-01-20T15:37:09.074464,DIVE,189.69,9.75,26.76,28.48,-0.61,-23.63,91.53,0.0,428.01,26.68,3.67
2026-01-20T15:37:09.176296,DIVE,188.67,9.77,26.91,28.62,-0.57,-23.57,91.49,0.0,428.01,27.7,3.77
2026-01-20T15:37:09.278287,DIVE,187.73,9.78,27.04,28.76,-0.53,-23.52,91.47,0.0,428.01,28.64,3.87
2026-01-20T15:37:09.380246,DIVE,186.71,9.8,27.19,28.91,-0.54,-23.46,91.46,0.0,428.01,29.66,3.98
2026-01-20T15:37:09.481665,DIVE,185.76,9.82,27.32,29.04,-0.51,-23.4,91.46,0.0,428.01,30.61,4.08
2026-01-20T15:37:09.583726,DIVE,184.74,9.83,27.47,29.18,-0.51,-23.31,91.49,0.0,428.01,31.63,4.18
2026-01-20T15:37:09.685438,DIVE,183.79,9.83,27.6,29.3,-0.48,-23.23,91.49,0.0,428.01,32.58,4.28
2026-01-20T15:37:09.787792,DIVE,182.52,9.82,27.77,29.46,-0.46,-23.15,91.5,0.0,428.01,33.85,4.38
2026-01-20T15:37:09.889726,DIVE,181.58,9.81,27.9,29.58,-0.46,-23.06,91.55,0.0,428.01,34.8,4.48
2026-01-20T15:37:09.992413,DIVE,180.63,9.8,28.04,29.71,-0.46,-22.96,91.55,0.0,428.01,35.74,4.59
2026-01-20T15:37:10.094531,DIVE,179.6,9.78,28.18,29.83,-0.4,-22.83,91.56,0.0,428.01,36.77,4.69
2026-01-20T15:37:10.196541,DIVE,178.66,9.76,28.3,29.94,-0.38,-22.7,91.53,0.0,428.01,37.72,4.79
2026-01-20T15:37:10.297915,DIVE,177.63,9.74,28.44,30.07,-0.36,-22.58,91.54,0.0,428.01,38.74,4.89
2026-01-20T15:37:10.399841,DIVE,176.69,9.72,28.57,30.18,-0.35,-22.46,91.54,0.0,428.01,39.68,5.0
2026-01-20T15:37:10.502569,DIVE,175.67,9.71,28.69,30.29,-0.35,-22.32,91.55,0.0,428.01,40.7,5.1
2026-01-20T15:37:10.603766,DIVE,174.73,9.69,28.81,30.4,-0.34,-22.22,91.56,0.0,428.01,41.64,5.2
2026-01-20T15:37:10.705731,DIVE,173.71,9.67,28.95,30.52,-0.32,-22.12,91.57,0.0,428.01,42.66,5.3
2026-01-20T15:37:10.807343,DIVE,172.54,9.64,29.09,30.64,-0.3,-22.0,91.57,0.0,428.01,43.83,5.4
2026-01-20T15:37:10.909485,DIVE,171.6,9.63,29.2,30.74,-0.29,-21.87,91.58,0.0,428.01,44.77,5.5
2026-01-20T15:37:11.011884,DIVE,170.59,9.62,29.32,30.85,-0.26,-21.78,91.58,0.0,428.01,45.78,5.61
2026-01-20T15:37:11.113929,DIVE,169.65,9.61,29.42,30.95,-0.24,-21.65,91.6,0.0,428.01,46.72,5.71
2026-01-20T15:37:11.216149,DIVE,168.64,9.6,29.53,31.05,-0.25,-21.56,91.61,0.0,428.01,47.73,5.81
2026-01-20T15:37:11.318028,DIVE,167.71,9.58,29.64,31.15,-0.23,-21.46,91.59,0.0,428.01,48.66,5.91
2026-01-20T15:37:11.419926,DIVE,166.7,9.56,29.75,31.24,-0.22,-21.35,91.62,0.0,428.01,49.67,6.02
2026-01-20T15:37:11.522003,DIVE,165.77,9.54,29.84,31.32,-0.21,-21.22,91.59,0.0,428.01,50.6,6.12
2026-01-20T15:37:11.624157,DIVE,164.76,9.54,29.95,31.43,-0.2,-21.14,91.61,0.0,428.01,51.61,6.22
2026-01-20T15:37:11.725618,DIVE,163.83,9.52,30.04,31.51,-0.21,-21.06,91.62,0.0,428.01,52.54,6.32
2026-01-20T15:37:11.827694,DIVE,162.83,9.5,30.14,31.6,-0.19,-20.98,91.61,0.0,428.01,53.54,6.42
2026-01-20T15:37:11.928998,DIVE,161.68,9.48,30.26,31.71,-0.19,-20.89,91.62,0.0,428.01,54.69,6.52
2026-01-20T15:37:12.030617,DIVE,160.68,9.46,30.35,31.79,-0.18,-20.79,91.63,0.0,428.01,55.69,6.63
2026-01-20T15:37:12.132936,DIVE,159.76,9.45,30.44,31.87,-0.2,-20.69,91.67,0.0,428.01,56.61,6.73
2026-01-20T15:37:12.234630,DIVE,158.84,9.44,30.53,31.95,-0.19,-20.59,91.71,0.0,428.01,57.53,6.83
2026-01-20T15:37:12.336522,DIVE,157.84,9.44,30.62,32.04,-0.19,-20.49,91.73,0.0,428.01,58.53,6.93
2026-01-20T15:37:12.438266,DIVE,156.92,9.43,30.7,32.11,-0.15,-20.43,91.7,0.0,428.01,59.45,7.03
2026-01-20T15:37:12.540106,DIVE,155.93,9.41,30.79,32.19,-0.14,-20.34,91.71,0.0,428.01,60.44,7.14
2026-01-20T15:37:12.641845,DIVE,155.02,9.4,30.87,32.27,-0.13,-20.29,91.7,0.0,428.01,61.36,7.24
2026-01-20T15:37:12.744067,DIVE,154.02,9.38,30.96,32.35,-0.13,-20.21,91.75,0.0,428.01,62.35,7.34
2026-01-20T15:37:12.845967,DIVE,153.11,9.37,31.03,32.41,-0.13,-20.12,91.78,0.0,428.01,63.26,7.44
2026-01-20T15:37:12.947445,DIVE,152.12,9.36,31.11,32.48,-0.14,-20.05,91.78,0.0,428.01,64.25,7.54
2026-01-20T15:37:13.048482,DIVE,151.21,9.35,31.19,32.56,-0.14,-19.99,91.81,0.0,428.01,65.16,7.64
2026-01-20T15:37:13.150320,DIVE,150.07,9.33,31.28,32.64,-0.12,-19.94,91.82,0.0,428.01,66.3,7.75
2026-01-20T15:37:13.251699,DIVE,149.09,9.32,31.36,32.71,-0.1,-19.87,91.84,0.0,428.01,67.29,7.85
2026-01-20T15:37:13.353749,DIVE,148.18,9.3,31.43,32.77,-0.08,-19.82,91.84,0.0,428.01,68.19,7.95
2026-01-20T15:37:13.455998,DIVE,147.2,9.28,31.5,32.84,-0.11,-19.76,91.88,0.0,428.01,69.17,8.05
2026-01-20T15:37:13.558154,DIVE,146.3,9.27,31.57,32.9,-0.12,-19.65,91.9,0.0,428.01,70.07,8.15
2026-01-20T15:37:13.659500,DIVE,145.32,9.27,31.64,32.97,-0.11,-19.58,91.94,0.0,428.01,71.05,8.25
2026-01-20T15:37:13.761468,DIVE,144.42,9.26,31.7,33.02,-0.11,-19.52,91.96,0.0,428.01,71.95,8.36
2026-01-20T15:37:13.863730,DIVE,143.45,9.25,31.76,33.08,-0.11,-19.48,91.98,0.0,428.01,72.92,8.46
2026-01-20T15:37:13.965453,DIVE,142.55,9.23,31.82,33.13,-0.09,-19.43,91.97,0.0,428.01,73.82,8.56
2026-01-20T15:37:14.067612,DIVE,141.58,9.21,31.89,33.19,-0.07,-19.39,91.97,0.0,428.01,74.79,8.66
2026-01-20T15:37:14.169530,DIVE,140.47,9.19,31.97,33.26,-0.07,-19.32,91.98,0.0,428.01,75.9,8.76
2026-01-20T15:37:14.270817,DIVE,139.58,9.18,32.03,33.32,-0.07,-19.27,91.98,0.0,428.01,76.8,8.87
2026-01-20T15:37:14.373320,DIVE,138.61,9.16,32.09,33.37,-0.06,-19.2,92.01,0.0,428.01,77.77,8.97
2026-01-20T15:37:14.474376,DIVE,137.71,9.15,32.15,33.42,-0.06,-19.15,92.04,0.0,428.01,78.66,9.07
2026-01-20T15:37:14.575987,DIVE,136.75,9.15,32.21,33.48,-0.07,-19.11,92.06,0.0,428.01,79.62,9.17
2026-01-20T15:37:14.678042,DIVE,135.86,9.14,32.27,33.54,-0.07,-19.04,92.08,0.0,428.01,80.51,9.27
2026-01-20T15:37:14.779392,DIVE,134.89,9.13,32.33,33.59,-0.06,-19.0,92.08,0.0,428.01,81.48,9.37
2026-01-20T15:37:14.881499,DIVE,134.0,9.12,32.39,33.65,-0.05,-18.97,92.09,0.0,428.01,82.37,9.48
2026-01-20T15:37:14.983109,DIVE,133.04,9.11,32.44,33.69,-0.04,-18.93,92.07,0.0,428.01,83.33,9.58
2026-01-20T15:37:15.084568,DIVE,132.16,9.1,32.49,33.74,-0.04,-18.89,92.05,0.0,428.01,84.21,9.68
2026-01-20T15:37:15.186355,DIVE,131.2,9.08,32.55,33.79,-0.02,-18.84,92.05,0.0,428.01,85.17,9.78
2026-01-20T15:37:15.287585,DIVE,130.32,9.07,32.6,33.84,0.0,-18.81,92.02,0.0,428.01,86.05,9.88
2026-01-20T15:37:15.388780,DIVE,129.37,9.05,32.66,33.89,-0.02,-18.75,92.01,0.0,428.01,87.01,9.98
2026-01-20T15:37:15.490372,DIVE,128.27,9.04,32.72,33.95,-0.02,-18.72,92.02,0.0,428.01,88.1,10.09
2026-01-20T15:37:15.592437,DIVE,127.39,9.03,32.76,33.98,-0.01,-18.67,92.01,0.0,428.01,88.98,10.19
2026-01-20T15:37:15.694647,DIVE,126.44,9.02,32.81,34.03,-0.02,-18.61,92.03,0.0,428.01,89.93,10.29
2026-01-20T15:37:15.796983,DIVE,125.57,9.02,32.86,34.08,-0.01,-18.59,92.01,0.0,428.01,90.8,10.39
2026-01-20T15:37:15.899243,DIVE,124.62,9.01,32.9,34.11,-0.01,-18.53,92.04,0.0,428.01,91.75,10.49
2026-01-20T15:37:16.000623,DIVE,123.75,9.0,32.95,34.16,-0.0,-18.52,92.06,0.0,428.01,92.62,10.6
2026-01-20T15:37:16.102591,DIVE,122.8,8.99,32.99,34.19,0.0,-18.48,92.03,0.0,428.01,93.57,10.7
2026-01-20T15:37:16.204391,DIVE,121.93,8.99,33.04,34.24,-0.01,-18.44,92.05,0.0,428.01,94.44,10.8
2026-01-20T15:37:16.306665,DIVE,120.99,8.97,33.08,34.28,-0.04,-18.4,92.06,0.0,428.01,95.38,10.9
2026-01-20T15:37:16.408380,DIVE,120.12,8.97,33.13,34.32,-0.05,-18.39,92.08,0.0,428.01,96.26,11.0
2026-01-20T15:37:16.509740,DIVE,119.17,8.96,33.18,34.37,-0.06,-18.35,92.08,0.0,428.01,97.2,11.1
2026-01-20T15:37:16.611708,DIVE,118.09,8.94,33.23,34.41,-0.05,-18.33,92.06,0.0,428.01,98.28,11.21
2026-01-20T15:37:16.713729,DIVE,117.22,8.93,33.27,34.45,-0.05,-18.3,92.06,0.0,428.01,99.15,11.31
2026-01-20T15:37:16.815396,DIVE,116.29,8.92,33.31,34.48,-0.07,-18.26,92.07,0.0,428.01,100.08,11.41
2026-01-20T15:37:16.917474,DIVE,115.42,8.91,33.35,34.52,-0.05,-18.25,92.07,0.0,428.01,100.95,11.51
2026-01-20T15:37:17.018428,DIVE,114.49,8.9,33.39,34.56,-0.03,-18.2,92.06,0.0,428.01,101.88,11.61
2026-01-20T15:37:17.120610,DIVE,113.63,8.89,33.43,34.59,-0.05,-18.17,92.04,0.0,428.01,102.74,11.72
2026-01-20T15:37:17.222675,DIVE,112.7,8.87,33.46,34.62,-0.03,-18.15,92.07,0.0,428.01,103.67,11.82
2026-01-20T15:37:17.324186,DIVE,111.84,8.86,33.5,34.65,-0.04,-18.12,92.05,0.0,428.01,104.53,11.92
2026-01-20T15:37:17.425615,DIVE,110.91,8.86,33.53,34.68,-0.05,-18.09,92.08,0.0,428.01,105.46,12.02
2026-01-20T15:37:17.527451,DIVE,110.05,8.85,33.56,34.71,-0.05,-18.07,92.09,0.0,428.01,106.32,12.12
2026-01-20T15:37:17.629244,DIVE,109.13,8.84,33.6,34.75,-0.03,-18.05,92.08,0.0,428.01,107.24,12.22
2026-01-20T15:37:17.731435,DIVE,108.06,8.82,33.65,34.79,-0.03,-18.04,92.04,0.0,428.01,108.31,12.33
2026-01-20T15:37:17.833648,DIVE,107.21,8.82,33.67,34.81,-0.03,-18.01,92.08,0.0,428.01,109.16,12.43
2026-01-20T15:37:17.936126,DIVE,106.29,8.81,33.71,34.84,-0.02,-17.97,92.05,0.0,428.01,110.08,12.53
2026-01-20T15:37:18.037107,DIVE,105.37,8.81,33.74,34.87,-0.01,-17.95,92.07,0.0,428.01,111.0,12.63
2026-01-20T15:37:18.138825,DIVE,104.52,8.8,33.77,34.9,0.01,-17.91,92.05,0.0,428.01,111.85,12.73
2026-01-20T15:37:18.241517,DIVE,103.67,8.8,33.8,34.93,0.0,-17.9,92.03,0.0,428.01,112.7,12.84
2026-01-20T15:37:18.343777,DIVE,102.75,8.8,33.84,34.97,-0.01,-17.87,92.01,0.0,428.01,113.62,12.94
2026-01-20T15:37:18.445624,DIVE,101.9,8.79,33.86,34.99,-0.02,-17.86,92.02,0.0,428.01,114.47,13.04
2026-01-20T15:37:18.547625,DIVE,100.98,8.79,33.89,35.02,-0.05,-17.83,92.03,0.0,428.01,115.39,13.14
2026-01-20T15:37:18.649875,DIVE,100.13,8.79,33.92,35.04,-0.05,-17.81,92.03,0.0,428.01,116.24,13.25
2026-01-20T15:37:18.752362,DIVE,99.07,8.8,33.95,35.08,-0.03,-17.8,92.03,0.0,428.01,117.3,13.35
2026-01-20T15:37:18.854653,DIVE,98.16,8.79,33.98,35.1,-0.03,-17.78,92.05,0.0,428.01,118.22,13.45
2026-01-20T15:37:18.956400,DIVE,97.31,8.8,34.0,35.12,-0.03,-17.76,92.07,0.0,428.01,119.06,13.55
2026-01-20T15:37:19.057697,DIVE,96.39,8.8,34.03,35.15,-0.02,-17.74,92.07,0.0,428.01,119.98,13.65
2026-01-20T15:37:19.159760,DIVE,95.54,8.79,34.05,35.17,-0.01,-17.73,92.06,0.0,428.01,120.83,13.75
2026-01-20T15:37:19.261361,DIVE,94.63,8.79,34.08,35.2,-0.01,-17.71,92.07,0.0,428.01,121.75,13.86
2026-01-20T15:37:19.363491,DIVE,93.78,8.79,34.1,35.22,-0.0,-17.7,92.06,0.0,428.01,122.59,13.96
2026-01-20T15:37:19.465324,DIVE,92.86,8.78,34.12,35.24,0.01,-17.68,92.03,0.0,428.01,123.51,14.06
2026-01-20T15:37:19.567703,DIVE,92.02,8.78,34.16,35.27,0.0,-17.66,92.02,0.0,428.01,124.35,14.16
2026-01-20T15:37:19.670015,DIVE,91.11,8.78,34.18,35.29,-0.01,-17.65,92.03,0.0,428.01,125.26,14.27
2026-01-20T15:37:19.771478,DIVE,90.26,8.78,34.2,35.3,0.02,-17.64,92.02,0.0,428.01,126.11,14.37
2026-01-20T15:37:19.873580,DIVE,89.21,8.78,34.22,35.32,-0.0,-17.61,92.01,0.0,428.01,127.16,14.47
2026-01-20T15:37:19.975439,DIVE,88.3,8.78,34.24,35.34,0.01,-17.61,92.02,0.0,428.01,128.08,14.57
2026-01-20T15:37:20.077611,DIVE,87.45,8.77,34.26,35.36,0.03,-17.61,92.01,0.0,428.01,128.92,14.67
2026-01-20T15:37:20.179641,DIVE,86.54,8.76,34.28,35.38,0.01,-17.59,92.0,0.0,428.01,129.83,14.77
2026-01-20T15:37:20.281269,DIVE,85.7,8.77,34.3,35.4,0.02,-17.56,92.03,0.0,428.01,130.67,14.88
2026-01-20T15:37:20.383640,DIVE,84.78,8.77,34.32,35.42,0.01,-17.57,92.03,0.0,428.01,131.59,14.98
2026-01-20T15:37:20.485654,DIVE,83.94,8.76,34.34,35.44,0.02,-17.54,92.04,0.0,428.01,132.43,15.08
2026-01-20T15:37:20.587482,DIVE,83.03,8.76,34.36,35.46,-0.0,-17.54,92.04,0.0,428.01,133.34,15.18
2026-01-20T15:37:20.689329,DIVE,82.19,8.76,34.37,35.47,-0.01,-17.51,92.1,0.0,428.01,134.19,15.28
2026-01-20T15:37:20.791332,DIVE,81.27,8.77,34.4,35.5,-0.0,-17.49,92.04,0.0,428.01,135.1,15.39
2026-01-20T15:37:20.893322,DIVE,80.22,8.77,34.41,35.51,-0.02,-17.48,92.06,0.0,428.01,136.15,15.49
2026-01-20T15:37:20.994956,DIVE,79.37,8.77,34.43,35.53,-0.01,-17.46,92.07,0.0,428.01,137.0,15.59
2026-01-20T15:37:21.096846,DIVE,78.46,8.77,34.44,35.54,-0.0,-17.48,92.04,0.0,428.01,137.91,15.69
2026-01-20T15:37:21.198711,DIVE,77.62,8.76,34.46,35.55,-0.0,-17.47,92.07,0.0,428.01,138.75,15.79
2026-01-20T15:37:21.300546,DIVE,76.71,8.76,34.48,35.57,-0.02,-17.44,92.04,0.0,428.01,139.66,15.9
2026-01-20T15:37:21.401783,DIVE,75.87,8.76,34.5,35.59,-0.02,-17.42,92.08,0.0,428.01,140.51,16.0
2026-01-20T15:37:21.503806,DIVE,74.95,8.77,34.51,35.6,-0.0,-17.41,92.05,0.0,428.01,141.42,16.1
2026-01-20T15:37:21.605787,DIVE,74.11,8.77,34.53,35.62,-0.03,-17.41,92.04,0.0,428.01,142.26,16.2
2026-01-20T15:37:21.707497,DIVE,73.2,8.77,34.54,35.63,-0.02,-17.39,92.04,0.0,428.01,143.17,16.3
2026-01-20T15:37:21.809748,DIVE,72.29,8.77,34.56,35.65,0.01,-17.39,92.02,0.0,428.01,144.08,16.4
2026-01-20T15:37:21.911409,DIVE,71.45,8.76,34.57,35.66,-0.0,-17.38,92.02,0.0,428.01,144.92,16.51
2026-01-20T15:37:22.012301,DIVE,70.61,8.76,34.59,35.68,-0.02,-17.37,92.01,0.0,428.01,145.77,16.61
2026-01-20T15:37:22.113647,DIVE,69.56,8.76,34.6,35.69,-0.01,-17.36,92.01,0.0,428.01,146.82,16.71
2026-01-20T15:37:22.215715,DIVE,68.64,8.75,34.62,35.71,0.01,-17.38,92.0,0.0,428.01,147.73,16.81
2026-01-20T15:37:22.317787,DIVE,67.8,8.74,34.64,35.72,0.02,-17.36,91.98,0.0,428.01,148.57,16.91
2026-01-20T15:37:22.419907,DIVE,66.9,8.73,34.65,35.73,0.02,-17.34,92.0,0.0,428.01,149.48,17.02
2026-01-20T15:37:22.521817,DIVE,66.06,8.74,34.67,35.75,-0.0,-17.33,92.0,0.0,428.01,150.31,17.12
2026-01-20T15:37:22.624571,DIVE,65.15,8.72,34.68,35.76,-0.0,-17.32,92.02,0.0,428.01,151.22,17.22
2026-01-20T15:37:22.726630,DIVE,64.31,8.72,34.7,35.78,-0.02,-17.31,92.01,0.0,428.01,152.06,17.32
2026-01-20T15:37:22.828195,DIVE,63.41,8.71,34.71,35.78,-0.02,-17.31,92.04,0.0,428.01,152.97,17.42
2026-01-20T15:37:22.929778,DIVE,62.5,8.71,34.72,35.79,-0.06,-17.31,92.03,0.0,428.01,153.87,17.52
2026-01-20T15:37:23.031324,DIVE,61.66,8.7,34.74,35.81,-0.05,-17.28,92.05,0.0,428.01,154.71,17.63
2026-01-20T15:37:23.132720,DIVE,60.83,8.7,34.75,35.82,-0.06,-17.27,92.04,0.0,428.01,155.54,17.73
2026-01-20T15:37:23.234666,DIVE,59.79,8.7,34.77,35.84,-0.06,-17.27,92.06,0.0,428.01,156.58,17.83
2026-01-20T15:37:23.336822,DIVE,58.88,8.69,34.78,35.85,-0.04,-17.25,92.07,0.0,428.01,157.49,17.93
2026-01-20T15:37:23.438522,DIVE,58.05,8.69,34.8,35.87,-0.04,-17.26,92.08,0.0,428.01,158.32,18.03
2026-01-20T15:37:23.539940,DIVE,57.15,8.67,34.81,35.87,-0.02,-17.26,92.1,0.0,428.01,159.22,18.14
2026-01-20T15:37:23.641938,DIVE,56.25,8.66,34.82,35.88,-0.04,-17.26,92.09,0.0,428.01,160.13,18.24
2026-01-20T15:37:23.743915,DIVE,55.42,8.66,34.84,35.9,-0.05,-17.24,92.12,0.0,428.01,160.96,18.34
2026-01-20T15:37:23.845962,DIVE,54.51,8.66,34.85,35.91,-0.04,-17.23,92.14,0.0,428.01,161.86,18.44
2026-01-20T15:37:23.948151,DIVE,53.68,8.65,34.86,35.92,-0.06,-17.22,92.16,0.0,428.01,162.69,18.54
2026-01-20T15:37:24.049339,DIVE,52.85,8.65,34.87,35.93,-0.04,-17.21,92.15,0.0,428.01,163.52,18.64
2026-01-20T15:37:24.151414,DIVE,51.96,8.64,34.88,35.93,-0.03,-17.23,92.17,0.0,428.01,164.42,18.75
2026-01-20T15:37:24.253413,DIVE,51.06,8.63,34.9,35.95,-0.04,-17.21,92.17,0.0,428.01,165.31,18.85
2026-01-20T15:37:24.355366,DIVE,50.09,8.62,34.91,35.96,-0.04,-17.22,92.17,0.0,428.01,166.28,18.95
2026-01-20T15:37:24.457167,DIVE,49.2,8.61,34.92,35.97,-0.04,-17.21,92.2,0.0,428.01,167.18,19.05
2026-01-20T15:37:24.559408,DIVE,48.37,8.61,34.94,35.99,-0.04,-17.2,92.2,0.0,428.01,168.0,19.15
2026-01-20T15:37:24.660910,DIVE,47.47,8.61,34.95,36.0,-0.05,-17.17,92.19,0.0,428.01,168.9,19.26
2026-01-20T15:37:24.762777,DIVE,46.65,8.61,34.96,36.01,-0.05,-17.15,92.2,0.0,428.01,169.72,19.36
2026-01-20T15:37:24.864757,DIVE,45.75,8.61,34.97,36.02,-0.03,-17.15,92.22,0.0,428.01,170.62,19.46
2026-01-20T15:37:24.966865,DIVE,44.93,8.61,34.98,36.02,0.01,-17.15,92.19,0.0,428.01,171.44,19.56
2026-01-20T15:37:25.068725,DIVE,44.03,8.61,34.99,36.03,-0.0,-17.17,92.17,0.0,428.01,172.34,19.66
2026-01-20T15:37:25.170628,DIVE,43.21,8.6,35.0,36.04,-0.01,-17.16,92.19,0.0,428.01,173.17,19.77
2026-01-20T15:37:25.272472,DIVE,42.31,8.59,35.01,36.05,-0.0,-17.15,92.18,0.0,428.01,174.06,19.87
2026-01-20T15:37:25.374933,DIVE,41.49,8.59,35.02,36.06,-0.01,-17.16,92.18,0.0,428.01,174.89,19.97
2026-01-20T15:37:25.476745,DIVE,40.45,8.58,35.03,36.07,-0.01,-17.14,92.18,0.0,428.01,175.92,20.07
2026-01-20T15:37:25.578534,DIVE,39.56,8.58,35.04,36.08,-0.0,-17.15,92.2,0.0,428.01,176.81,20.17
2026-01-20T15:37:25.679959,DIVE,38.74,8.58,35.05,36.09,-0.01,-17.15,92.22,0.0,428.01,177.63,20.28
2026-01-20T15:37:25.781388,DIVE,37.85,8.58,35.05,36.09,-0.02,-17.12,92.22,0.0,428.01,178.52,20.38
2026-01-20T15:37:25.883204,DIVE,37.02,8.59,35.06,36.1,-0.03,-17.11,92.23,0.0,428.01,179.35,20.48
2026-01-20T15:37:25.985186,DIVE,36.13,8.59,35.07,36.11,0.01,-17.11,92.25,0.0,428.01,180.24,20.58
2026-01-20T15:37:26.086578,DIVE,35.31,8.59,35.08,36.12,0.01,-17.12,92.25,0.0,428.01,181.06,20.68
2026-01-20T15:37:26.188651,DIVE,34.42,8.58,35.09,36.13,0.0,-17.12,92.26,0.0,428.01,181.96,20.78
2026-01-20T15:37:26.290564,DIVE,33.59,8.58,35.1,36.14,-0.02,-17.11,92.27,0.0,428.01,182.78,20.89
2026-01-20T15:37:26.392052,DIVE,32.7,8.59,35.11,36.15,-0.0,-17.1,92.25,0.0,428.01,183.67,20.99
2026-01-20T15:37:26.493450,DIVE,31.88,8.59,35.11,36.15,0.0,-17.09,92.25,0.0,428.01,184.49,21.09
2026-01-20T15:37:26.595584,DIVE,30.98,8.59,35.12,36.16,0.01,-17.1,92.26,0.0,428.01,185.39,21.19
2026-01-20T15:37:26.697680,DIVE,29.96,8.58,35.13,36.17,0.01,-17.09,92.26,0.0,428.01,186.42,21.29
2026-01-20T15:37:26.799719,DIVE,29.13,8.58,35.14,36.18,0.04,-17.1,92.25,0.0,428.01,187.24,21.39
2026-01-20T15:37:26.901454,DIVE,28.24,8.58,35.14,36.18,0.02,-17.11,92.26,0.0,428.01,188.13,21.5
2026-01-20T15:37:27.003601,DIVE,27.42,8.58,35.15,36.19,0.01,-17.09,92.26,0.0,428.01,188.96,21.6
2026-01-20T15:37:27.104763,DIVE,26.52,8.57,35.16,36.19,0.01,-17.09,92.26,0.0,428.01,189.85,21.7
2026-01-20T15:37:27.206607,DIVE,25.7,8.57,35.17,36.2,0.03,-17.1,92.23,0.0,428.01,190.67,21.8
2026-01-20T15:37:27.308561,DIVE,24.81,8.56,35.18,36.21,0.03,-17.1,92.23,0.0,428.01,191.56,21.9
2026-01-20T15:37:27.410655,DIVE,23.99,8.56,35.18,36.21,0.03,-17.09,92.23,0.0,428.01,192.38,22.01
2026-01-20T15:37:27.512313,DIVE,23.1,8.57,35.19,36.22,0.01,-17.08,92.23,0.0,428.01,193.27,22.11
2026-01-20T15:37:27.613704,DIVE,22.28,8.57,35.2,36.23,0.02,-17.07,92.25,0.0,428.01,194.09,22.21
2026-01-20T15:37:27.715729,DIVE,21.39,8.58,35.21,36.24,0.01,-17.09,92.27,0.0,428.01,194.98,22.31
2026-01-20T15:37:27.817573,DIVE,20.36,8.57,35.21,36.24,0.01,-17.07,92.28,0.0,428.01,196.01,22.41
2026-01-20T15:37:27.919182,DIVE,19.54,8.58,35.23,36.26,0.01,-17.07,92.26,0.0,428.01,196.83,22.51
2026-01-20T15:37:28.020621,DIVE,18.65,8.58,35.23,36.26,0.0,-17.07,92.28,0.0,428.01,197.72,22.62
2026-01-20T15:37:28.122198,DIVE,17.83,8.58,35.24,36.27,0.01,-17.06,92.29,0.0,428.01,198.54,22.72
2026-01-20T15:37:28.224634,DIVE,16.94,8.59,35.24,36.27,0.0,-17.05,92.3,0.0,428.01,199.44,22.82
2026-01-20T15:37:28.327272,DIVE,16.11,8.59,35.24,36.27,-0.0,-17.06,92.33,0.0,428.01,200.26,22.92
2026-01-20T15:37:28.429748,DIVE,15.22,8.58,35.25,36.28,-0.02,-17.05,92.34,0.0,428.01,201.15,23.02
2026-01-20T15:37:28.532562,RECOVERY,14.33,8.58,35.26,36.28,-0.03,-17.06,92.35,0.0,0.0,0.0,0.0
2026-01-20T15:37:28.633417,RECOVERY,13.51,8.59,35.26,36.29,-0.03,-17.05,92.35,0.0,0.0,0.0,0.0
2026-01-20T15:37:28.733614,RECOVERY,12.72,6.97,35.19,35.87,4.91,-13.2,94.69,0.0,0.0,0.0,0.0
2026-01-20T15:37:28.834662,RECOVERY,12.2,3.2,34.86,35.01,10.37,-8.44,99.36,0.0,0.0,0.0,0.0
2026-01-20T15:37:28.935024,RECOVERY,12.03,0.44,34.13,34.13,16.28,-4.24,100.3,0.0,0.0,0.0,0.0
2026-01-20T15:37:29.036167,RECOVERY,12.1,-1.61,33.21,33.24,22.12,-0.75,100.14,0.0,0.0,0.0,0.0
2026-01-20T15:37:29.136719,RECOVERY,12.31,-2.8,32.37,32.49,27.6,1.4,101.34,0.0,0.0,0.0,0.0
2026-01-20T15:37:29.237779,RECOVERY,12.68,-3.69,31.46,31.68,32.09,2.46,103.57,0.0,0.0,0.0,0.0
2026-01-20T15:37:29.338539,RECOVERY,13.09,-4.18,30.77,31.05,35.59,3.24,105.72,0.0,0.0,0.0,0.0
2026-01-20T15:37:29.438883,RECOVERY,13.5,-4.44,30.25,30.57,37.79,3.97,107.55,0.0,0.0,0.0,0.0
2026-01-20T15:37:29.539742,RECOVERY,13.93,-4.59,29.75,30.11,38.86,4.72,109.04,0.0,0.0,0.0,0.0
2026-01-20T15:37:29.640480,RECOVERY,14.35,-4.63,29.34,29.7,39.1,5.55,110.09,0.0,0.0,0.0,0.0
2026-01-20T15:37:29.741458,RECOVERY,14.81,-4.59,28.93,29.29,38.77,6.14,111.01,0.0,0.0,0.0,0.0
2026-01-20T15:37:29.842032,RECOVERY,15.23,-4.44,28.6,28.94,38.09,6.24,111.84,0.0,0.0,0.0,0.0
2026-01-20T15:37:29.943111,RECOVERY,15.65,-4.19,28.29,28.6,37.15,5.94,112.75,0.0,0.0,0.0,0.0
2026-01-20T15:37:30.043458,RECOVERY,16.02,-3.93,28.02,28.3,36.02,5.48,113.64,0.0,0.0,0.0,0.0
2026-01-20T15:37:30.143915,RECOVERY,16.39,-3.64,27.73,27.97,34.8,4.88,114.62,0.0,0.0,0.0,0.0
2026-01-20T15:37:30.245046,RECOVERY,16.72,-3.36,27.46,27.66,33.42,4.31,115.53,0.0,0.0,0.0,0.0
2026-01-20T15:37:30.345580,RECOVERY,17.03,-3.06,27.18,27.35,31.85,3.78,116.32,0.0,0.0,0.0,0.0
2026-01-20T15:37:30.446480,RECOVERY,17.29,-2.78,26.93,27.07,30.05,3.2,117.02,0.0,0.0,0.0,0.0
2026-01-20T15:37:30.547396,RECOVERY,17.55,-2.46,26.65,26.77,28.35,2.56,117.74,0.0,0.0,0.0,0.0
2026-01-20T15:37:30.648113,RECOVERY,17.77,-2.16,26.41,26.5,26.65,1.89,118.45,0.0,0.0,0.0,0.0
2026-01-20T15:37:30.749122,RECOVERY,17.95,-1.83,26.17,26.23,24.92,1.21,119.08,0.0,0.0,0.0,0.0
2026-01-20T15:37:30.849940,RECOVERY,18.1,-1.53,25.96,26.01,23.2,0.57,119.57,0.0,0.0,0.0,0.0
2026-01-20T15:37:30.951081,RECOVERY,18.23,-1.23,25.73,25.76,21.45,-0.09,120.1,0.0,0.0,0.0,0.0
2026-01-20T15:37:31.052125,RECOVERY,18.33,-0.96,25.53,25.55,19.88,-0.68,120.52,0.0,0.0,0.0,0.0
2026-01-20T15:37:31.153190,RECOVERY,18.4,-0.69,25.31,25.32,18.31,-1.25,120.99,0.0,0.0,0.0,0.0
2026-01-20T15:37:31.254293,RECOVERY,18.44,-0.44,25.12,25.12,16.75,-1.79,121.38,0.0,0.0,0.0,0.0
2026-01-20T15:37:31.354952,RECOVERY,18.46,-0.22,24.94,24.95,15.15,-2.34,121.79,0.0,0.0,0.0,0.0
2026-01-20T15:37:31.456102,RECOVERY,18.46,-0.03,24.78,24.78,13.78,-2.8,122.12,0.0,0.0,0.0,0.0
